step,position_km,velocity_kmh,action,tve_reward,tce_penalty,ic_penalty,ef_penalty,sl_penalty,de_bonus,step_total_reward
1210,0.0006055550632043224,14.26761302947998,0,0.0,0.0,0.0,0.0,-2.0,0.0,-2.0
1220,0.002311585637942848,28.525201034545898,0,0.0,0.0,0.0,0.0,-2.0,0.0,-2.0
1230,0.005117273743093017,42.77165336608887,0,0.0,0.0,0.0,0.0,-2.0,0.0,-2.0
1240,0.009021709924256447,57.00578727722168,0,0.0,0.0,0.0,0.0,-2.0,0.0,-2.0
1250,0.01340650473536753,56.68070526123047,1,0.0,0.0,0.0,0.0,-2.0,0.0,-2.0
1260,0.017766242116641084,56.35623779296875,1,0.0,0.0,0.0,0.0,-2.0,0.0,-2.0
1270,0.022718332990508898,70.57751770019532,0,0.0,0.0,0.0,0.0,-2.0,0.0,-2.0
1280,0.028149186638172372,70.22552947998047,1,0.0,0.0,0.0,0.0,-2.0,0.0,-2.0
1290,0.03417084177295409,84.43256149291993,0,0.0,0.0,0.0,0.0,-2.0,0.0,-2.0
1300,0.04066949703647777,84.05088958740235,1,0.0,0.0,0.0,0.0,-2.0,0.0,-2.0
1310,0.0471387381078866,83.67006225585938,1,0.0,0.0,0.0,0.0,-2.0,0.0,-2.0
1320,0.05357863026984695,83.29007949829102,1,0.0,0.0,0.0,0.0,-2.0,0.0,-2.0
1330,0.05998923852911103,82.91094131469727,1,0.0,0.0,0.0,0.0,-2.0,0.0,-2.0
1340,0.06637062761799872,82.53263397216797,1,0.0,0.0,0.0,0.0,-2.0,0.0,-2.0
1350,0.0733413349282193,96.7260841369629,0,0.0,0.0,0.0,0.0,-2.0,0.0,-2.0
1360,0.08078736547750699,96.31617736816406,1,0.0,0.0,0.0,0.0,-2.0,0.0,-2.0
1370,0.08820180890521485,95.90724563598633,1,0.0,0.0,0.0,0.0,-2.0,0.0,-2.0
1380,0.09558473985790951,95.49928207397461,1,0.0,0.0,0.0,0.0,-2.0,0.0,-2.0
1390,0.10293623265471756,95.09227294921875,1,0.0,0.0,0.0,0.0,-2.0,0.0,-2.0
1400,0.11025636128916662,94.68622512817383,1,0.0,0.0,0.0,0.0,-2.0,0.0,-2.0
1410,0.11754519943101313,94.28112487792968,1,0.0,0.0,0.0,0.0,-2.0,0.0,-2.0
1420,0.12480282042805729,93.87697906494141,1,0.0,0.0,0.0,0.0,-2.0,0.0,-2.0
1430,0.13202929730794508,93.47377395629883,1,0.0,0.0,0.0,0.0,-2.0,0.0,-2.0
1440,0.13922470277995752,93.07151641845704,1,0.0,0.0,0.0,0.0,-2.0,0.0,-2.0
1450,0.14638910923678733,92.67018585205078,1,0.0,0.0,0.0,0.0,-2.0,0.0,-2.0
1460,0.15352258875630292,92.26979598999024,1,0.0,0.0,0.0,0.0,-2.0,0.0,-2.0
1470,0.1606252131033003,91.87032623291016,1,0.0,0.0,0.0,0.0,-2.0,0.0,-2.0
1480,0.16769705373124205,91.4717903137207,1,0.0,0.0,0.0,0.0,-2.0,0.0,-2.0
1490,0.17473818178398481,91.07416763305665,1,0.0,0.0,0.0,0.0,-2.0,0.0,-2.0
1500,0.18174866809749388,90.67745819091797,1,0.0,0.0,0.0,0.0,-2.0,0.0,-2.0
1510,0.18872858320154642,90.28166885375977,1,0.0,0.0,0.0,0.0,-2.0,0.0,-2.0
1520,0.19567799732142235,89.88678588867188,1,0.0,0.0,0.0,0.0,-2.0,0.0,-2.0
1530,0.20259698037958365,89.49280242919922,1,0.0,0.0,0.0,0.0,-2.0,0.0,-2.0
1540,0.20948560199734165,89.09972534179688,1,0.0,0.0,0.0,0.0,-2.0,0.0,-2.0
1550,0.21634393149651313,88.7075408935547,1,0.0,0.0,0.0,0.0,-2.0,0.0,-2.0
1560,0.22317203790106452,88.31624908447266,1,0.0,0.0,0.0,0.0,-2.0,0.0,-2.0
1570,0.22996998993874476,87.92584991455078,1,0.0,0.0,0.0,0.0,-2.0,0.0,-2.0
1580,0.2367378560427069,87.536336517334,1,0.0,0.0,0.0,0.0,-2.0,0.0,-2.0
1590,0.2434757043531183,87.14770202636718,1,0.0,0.0,0.0,0.0,-2.0,0.0,-2.0
1600,0.25018360271876017,86.7599464416504,1,0.0,0.0,0.0,0.0,-2.0,0.0,-2.0
1610,0.25686161869861507,86.37306289672851,1,0.0,0.0,0.0,0.0,-2.0,0.0,-2.0
1620,0.2635098195634445,85.98705139160157,1,0.0,0.0,0.0,0.0,-2.0,0.0,-2.0
1630,0.2701282722973549,85.60190505981446,1,0.0,0.0,0.0,0.0,-2.0,0.0,-2.0
1640,0.27671704359935345,85.21761703491211,1,0.0,0.0,0.0,0.0,-2.0,0.0,-2.0
1650,0.2832761998848923,84.83419418334961,1,0.0,0.0,0.0,0.0,-2.0,0.0,-2.0
1660,0.289805807287403,84.45162963867188,1,0.0,0.0,0.0,0.0,-2.0,0.0,-2.0
1670,0.29630593165982044,84.06990966796876,1,0.0,0.0,0.0,0.0,-2.0,0.0,-2.0
1680,0.3027766385760955,83.68904113769531,1,0.0,0.0,0.0,0.0,-2.0,0.0,-2.0
1690,0.30921799333269806,83.30901718139648,1,0.0,0.0,0.0,0.0,-2.0,0.0,-2.0
1700,0.3156300609501097,82.9298309326172,1,0.0,0.0,0.0,0.0,-2.0,0.0,-2.0
1710,0.3220129061743061,82.5514892578125,1,0.0,0.0,0.0,0.0,-2.0,0.0,-2.0
1720,0.3283665934782292,82.17397842407227,1,0.0,0.0,0.0,0.0,-2.0,0.0,-2.0
1730,0.3346911870632495,81.7972915649414,1,0.0,0.0,0.0,0.0,-2.0,0.0,-2.0
1740,0.340986750860618,81.42144241333008,1,0.0,0.0,0.0,0.0,-2.0,0.0,-2.0
1750,0.34725334853290946,81.04641036987304,1,0.0,0.0,0.0,0.0,-2.0,0.0,-2.0
1760,0.3541094488434929,95.24154281616211,0,0.0,0.0,0.0,0.0,-2.0,0.0,-2.0
1770,0.3614410805260497,94.8351448059082,1,0.0,0.0,0.0,0.0,-2.0,0.0,-2.0
1780,0.36874139471440714,94.42970123291016,1,0.0,0.0,0.0,0.0,-2.0,0.0,-2.0
1790,0.37601046487432344,94.0252052307129,1,0.0,0.0,0.0,0.0,-2.0,0.0,-2.0
1800,0.38324836415074254,93.62165679931641,1,24.71369782925717,0.0,0.0,0.0,0.0,0.0,24.71369782925717
1810,0.39045516536958824,93.21904907226563,1,24.62040365653752,0.0,0.0,0.0,0.0,0.0,24.62040365653752
1820,0.3976309410395454,92.81738204956055,1,24.527327009871442,0.0,0.0,0.0,0.0,0.0,24.527327009871442
1830,0.40477576335382864,92.41664199829101,1,24.434466942850122,0.0,0.0,0.0,0.0,0.0,24.434466942850122
1840,0.41188970419193854,92.01683578491212,1,24.34182251432935,0.0,0.0,0.0,0.0,0.0,24.34182251432935
1850,0.41897283512140576,91.61795654296876,1,24.249392788401565,0.0,0.0,0.0,0.0,0.0,24.249392788401565
1860,0.42602522739952187,91.21999740600586,1,24.157176834348775,0.0,0.0,0.0,0.0,0.0,24.157176834348775
1870,0.43304695197505944,90.82295837402344,1,24.065173726612556,0.0,0.0,0.0,0.0,0.0,24.065173726612556
1880,0.44065693938511086,105.00675430297852,0,23.82996223015357,0.0,-2.0,-0.5,-0.3863234519958496,0.0,20.94363784790039
1890,0.44874106068153385,104.57683868408203,1,27.25236388926919,0.0,-2.0,0.0,-0.3531508445739746,0.0,24.899211883544922
1900,0.45679205446654186,104.14798049926758,1,27.152981355024394,0.0,0.0,0.0,-0.32006025314331055,0.0,26.83292007446289
1910,0.46481000223407715,103.72017974853516,1,27.0538433026054,0.0,0.0,0.0,-0.287050724029541,0.0,26.76679229736328
1920,0.47279498511152657,103.29342269897461,1,26.954948632348533,0.0,0.0,0.0,-0.254122257232666,0.0,26.70082664489746
1930,0.48074708386184445,102.86771621704102,1,26.85629625095362,0.0,0.0,0.0,-0.22127437591552734,0.0,26.635021209716797
1940,0.4886663788856606,102.44304656982422,1,26.757885071448527,0.0,0.0,0.0,-0.1885066032409668,0.0,26.569377899169922
1950,0.4965529502233727,102.01941375732422,1,26.659714013136636,0.0,0.0,0.0,-0.15581893920898438,0.0,26.503894805908203
1960,0.504406877557223,101.59681091308595,1,26.561782001550455,0.0,0.0,0.0,-0.12321043014526367,0.0,26.43857192993164
1970,0.5122282402133606,101.17523803710938,1,26.46408796841274,0.0,0.0,0.0,-0.0906820297241211,0.0,26.37340545654297
1980,0.5200171171638877,100.75468139648437,1,26.36663085158125,0.0,0.0,0.0,-0.058231353759765625,0.0,26.308399200439453
1990,0.5277735870288927,100.33514099121093,1,26.269409595015304,0.0,0.0,0.0,-0.025859355926513672,0.0,26.243549346923828
2000,0.5354977280784671,99.91661682128907,1,26.172423148723283,0.0,0.0,0.0,0.0,0.0,26.172423148723283
2010,0.5431896182347076,99.4990951538086,1,26.075670468721,0.0,0.0,0.0,0.0,0.0,26.075670468721
2020,0.5508493350737054,99.08258285522462,1,25.979150516993514,0.0,0.0,0.0,0.0,0.0,25.979150516993514
2030,0.5584769558275196,98.66706619262696,1,25.882862261442597,0.0,0.0,0.0,0.0,0.0,25.882862261442597
2040,0.5660725573861368,98.25254516601562,1,25.786804675851954,0.0,0.0,0.0,0.0,0.0,25.786804675851954
2050,0.5736362162994175,97.83901290893554,1,25.6909767398422,0.0,0.0,0.0,0.0,0.0,25.6909767398422
2060,0.5811680087790264,97.42646942138673,1,25.595377438825835,0.0,0.0,0.0,0.0,0.0,25.595377438825835
2070,0.5886680107003519,97.01490097045898,1,25.500005763977242,0.0,0.0,0.0,0.0,0.0,25.500005763977242
2080,0.5961362976044083,96.60431442260743,1,25.404860712168556,0.0,0.0,0.0,0.0,0.0,25.404860712168556
2090,0.6035729446997277,96.19470291137695,1,25.309941285958075,0.0,0.0,0.0,0.0,0.0,25.309941285958075
2100,0.6109780268642355,95.78605270385742,1,25.21524649352409,0.0,0.0,0.0,0.0,0.0,25.21524649352409
2110,0.6183516186471155,95.37837066650391,1,25.120775348639654,0.0,0.0,0.0,0.0,0.0,25.120775348639654
2120,0.6256937942706589,94.97164993286133,1,25.026526870630278,0.0,0.0,0.0,0.0,0.0,25.026526870630278
2130,0.6330046276321015,94.56588363647461,1,24.93250008432824,0.0,0.0,0.0,0.0,0.0,24.93250008432824
2140,0.640284192305449,94.16107177734375,1,24.838694020041885,0.0,0.0,0.0,0.0,0.0,24.838694020041885
2150,0.6475325615432858,93.7572006225586,1,24.745107713510606,0.0,0.0,0.0,0.0,0.0,24.745107713510606
2160,0.6547498082785752,93.35427703857422,1,24.65174020586869,0.0,0.0,0.0,0.0,0.0,24.65174020586869
2170,0.6619360051264442,92.95229415893554,1,24.558590543607124,0.0,0.0,0.0,0.0,0.0,24.558590543607124
2180,0.6690912243859563,92.5512451171875,1,24.46565777853607,0.0,0.0,0.0,0.0,0.0,24.46565777853607
2190,0.676215538041872,92.15112991333008,1,24.372940967746672,0.0,0.0,0.0,0.0,0.0,24.372940967746672
2200,0.6833090177663966,91.75193481445312,1,24.280439173574223,0.0,0.0,0.0,0.0,0.0,24.280439173574223
2210,0.6903717349209167,91.35366668701172,1,24.188151463560644,0.0,0.0,0.0,0.0,0.0,24.188151463560644
2220,0.6974037605577222,90.95631866455078,1,24.096076910415604,0.0,0.0,0.0,0.0,0.0,24.096076910415604
2230,0.704405165421719,90.55988388061523,1,24.004214591990603,0.0,0.0,0.0,0.0,0.0,24.004214591990603
2240,0.711376019952128,90.16436233520508,1,23.912563591227126,0.0,0.0,0.0,0.0,0.0,23.912563591227126
2250,0.718316394284172,89.76974716186524,1,23.82112299613277,0.0,0.0,0.0,0.0,0.0,23.82112299613277
2260,0.7252263582507527,89.3760383605957,1,23.729891899741688,0.0,0.0,0.0,0.0,0.0,23.729891899741688
2270,0.7321059813841135,88.98322219848633,1,23.638869400082513,0.0,0.0,0.0,0.0,0.0,23.638869400082513
2280,0.7389553329174927,88.59130554199218,1,23.548054600137448,0.0,0.0,0.0,0.0,0.0,23.548054600137448
2290,0.745774481786764,88.20028152465821,1,23.45744660781361,0.0,0.0,0.0,0.0,0.0,23.45744660781361
2300,0.752563496632066,87.8101432800293,1,23.36704453590619,0.0,0.0,0.0,0.0,0.0,23.36704453590619
2310,0.7599411630893814,101.99749603271485,0,23.132999371946198,0.0,-2.0,-0.5,-0.1541275978088379,0.0,20.478872299194336
2320,0.7677934012239394,101.57494125366212,1,26.556714403673595,0.0,-2.0,0.0,-0.12152338027954102,0.0,24.435192108154297
2330,0.7756130787811971,101.15341644287109,1,26.459032671772775,0.0,0.0,0.0,-0.08899831771850586,0.0,26.370033264160156
2340,0.7834002747149686,100.73291473388672,1,26.36158780131518,0.0,0.0,0.0,-0.05655193328857422,0.0,26.305034637451172
2350,0.7911550676271587,100.31342926025391,1,26.264378736570507,0.0,0.0,0.0,-0.024184226989746094,0.0,26.240196228027344
2360,0.7988775357697787,99.89496002197266,1,26.16740442786022,0.0,0.0,0.0,0.0,0.0,26.16740442786022
2370,0.8065677570469498,99.47749328613281,1,26.070663831512547,0.0,0.0,0.0,0.0,0.0,26.070663831512547
2380,0.8142258090168896,99.06102905273438,1,25.97415590981882,0.0,0.0,0.0,0.0,0.0,25.97415590981882
2390,0.8218517688938856,98.64556045532227,1,25.877879630988446,0.0,0.0,0.0,0.0,0.0,25.877879630988446
2400,0.8294457135502543,98.23109436035156,1,25.781833969105946,0.0,0.0,0.0,0.0,0.0,25.781833969105946
2410,0.8370077195182858,97.81761016845704,1,25.686017904094797,0.0,0.0,0.0,0.0,0.0,25.686017904094797
2420,0.8445378629921747,97.40511474609376,1,25.59043042166695,0.0,0.0,0.0,0.0,0.0,25.59043042166695
2430,0.8520362198299376,96.99360122680665,1,25.495070513288738,0.0,0.0,0.0,0.0,0.0,25.495070513288738
2440,0.8595028655553162,96.5830696105957,1,25.399937176135836,0.0,0.0,0.0,0.0,0.0,25.399937176135836
2450,0.8669378753596667,96.17350616455079,1,25.30502941305099,0.0,0.0,0.0,0.0,0.0,25.30502941305099
2460,0.8743413241038364,95.7649040222168,1,25.21034623250989,0.0,0.0,0.0,0.0,0.0,25.21034623250989
2470,0.8817132863200265,95.3572769165039,1,25.11588664857004,0.0,0.0,0.0,0.0,0.0,25.11588664857004
2480,0.8890538362136413,94.95060424804687,1,25.02164968084412,0.0,0.0,0.0,0.0,0.0,25.02164968084412
2490,0.8963630476651249,94.54488601684571,1,24.92763435445022,0.0,0.0,0.0,0.0,0.0,24.92763435445022
2500,0.903640994231784,94.14012222290039,1,24.833839699977716,0.0,0.0,0.0,0.0,0.0,24.833839699977716
2510,0.9108877491495997,93.73630599975586,1,24.740264753447036,0.0,0.0,0.0,0.0,0.0,24.740264753447036
2520,0.9181033853350232,93.33343048095703,1,24.646908556271455,0.0,0.0,0.0,0.0,0.0,24.646908556271455
2530,0.9252879753867623,92.9314956665039,1,24.553770155216853,0.0,0.0,0.0,0.0,0.0,24.553770155216853
2540,0.9324415915875524,92.5304946899414,1,24.460848602370334,0.0,0.0,0.0,0.0,0.0,24.460848602370334
2550,0.9395643059059169,92.13042068481445,1,24.368142955093163,0.0,0.0,0.0,0.0,0.0,24.368142955093163
2560,0.9466561899979142,91.73128051757813,1,24.275652275992115,0.0,0.0,0.0,0.0,0.0,24.275652275992115
2570,0.9537173152088738,91.33306045532227,1,24.18337563287855,0.0,0.0,0.0,0.0,0.0,24.18337563287855
2580,0.9607477525751174,90.93576049804688,1,24.091312098730896,0.0,0.0,0.0,0.0,0.0,24.091312098730896
2590,0.9677475728256707,90.53937377929688,1,23.999460751659853,0.0,0.0,0.0,0.0,0.0,23.999460751659853
2600,0.9747168463839627,90.14389343261719,1,23.907820674876348,0.0,0.0,0.0,0.0,0.0,23.907820674876348
2610,0.9816556433695113,89.7493263244629,1,23.81639095664582,0.0,0.0,0.0,0.0,0.0,23.81639095664582
2620,0.9885640335995994,89.35566558837891,1,23.725170690263667,0.0,0.0,0.0,0.0,0.0,23.725170690263667
2630,0.9954420865909379,88.96289749145508,1,23.63415897401603,0.0,0.0,0.0,0.0,0.0,23.63415897401603
2640,1.0022898715613173,88.5710220336914,1,23.54335491113818,0.0,0.0,0.0,0.0,0.0,23.54335491113818
2650,1.0091074574312486,88.18004608154297,1,23.452757609793707,0.0,0.0,0.0,0.0,0.0,23.452757609793707
2660,1.015894912825592,87.7899559020996,1,23.36236618303053,0.0,0.0,0.0,0.0,0.0,23.36236618303053
2670,1.022652306075175,87.40074462890625,1,23.27217974874918,0.0,0.0,0.0,0.0,0.0,23.27217974874918
2680,1.0293797052183975,87.01241912841797,1,23.182197429666985,0.0,0.0,0.0,0.0,0.0,23.182197429666985
2690,1.0360771780028273,86.62496566772461,1,23.092418353289418,0.0,0.0,0.0,0.0,0.0,23.092418353289418
2700,1.0427447918867867,86.23838424682617,1,23.002841651878384,0.0,0.0,0.0,0.0,0.0,23.002841651878384
2710,1.0493826140409228,85.85267486572266,1,22.913466462408223,0.0,0.0,0.0,0.0,0.0,22.913466462408223
2720,1.0559907113497715,85.46783065795898,1,22.824291926546266,0.0,0.0,0.0,0.0,0.0,22.824291926546266
2730,1.0625691504133086,85.08385162353515,1,22.735317190610886,0.0,0.0,0.0,0.0,0.0,22.735317190610886
2740,1.069117997548492,84.70072402954102,1,22.64654140555001,0.0,0.0,0.0,0.0,0.0,22.64654140555001
2750,1.0756373187907908,84.31845474243164,1,22.557963726896787,0.0,0.0,0.0,0.0,0.0,22.557963726896787
2760,1.0821271798957062,83.93703002929688,1,22.469583314746046,0.0,0.0,0.0,0.0,0.0,22.469583314746046
2770,1.0885876463402806,83.5564567565918,1,22.381399333723266,0.0,0.0,0.0,0.0,0.0,22.381399333723266
2780,1.0950187833245968,83.17672805786133,1,22.29341095294876,0.0,0.0,0.0,0.0,0.0,22.29341095294876
2790,1.1014206557732673,82.79783706665039,1,22.205617346011422,0.0,0.0,0.0,0.0,0.0,22.205617346011422
2800,1.107793328336913,82.41978378295899,1,22.118017690936995,0.0,0.0,0.0,0.0,0.0,22.118017690936995
2810,1.114136865393632,82.04256134033203,1,22.030611170157385,0.0,0.0,0.0,0.0,0.0,22.030611170157385
2820,1.120451331050459,81.66616973876954,1,21.943396970480308,0.0,0.0,0.0,0.0,0.0,21.943396970480308
2830,1.1267367891448117,81.29060211181641,1,21.856374283058585,0.0,0.0,0.0,0.0,0.0,21.856374283058585
2840,1.1329933032459345,80.91585845947266,1,21.769542303368326,0.0,0.0,0.0,0.0,0.0,21.769542303368326
2850,1.1392209366563222,80.5419319152832,1,21.682900231163217,0.0,0.0,0.0,0.0,0.0,21.682900231163217
2860,1.1454197524131444,80.16882247924805,1,21.596447270466683,0.0,0.0,0.0,0.0,0.0,21.596447270466683
2870,1.1515898132896534,79.79652328491211,1,21.510182629526867,0.0,0.0,0.0,0.0,0.0,21.510182629526867
2880,1.1577311817965832,79.42503433227539,1,21.42410552078934,0.0,0.0,0.0,0.0,0.0,21.42410552078934
2890,1.1638439201835438,79.05434875488281,1,21.33821516088176,0.0,0.0,0.0,0.0,0.0,21.33821516088176
2900,1.1699280904404012,78.68446655273438,1,21.252510770572258,0.0,0.0,0.0,0.0,0.0,21.252510770572258
2910,1.1759837542986493,78.315380859375,1,21.166991574744202,0.0,0.0,0.0,0.0,0.0,21.166991574744202
2920,1.1820109732327737,77.9470916748047,1,21.081656802373345,0.0,0.0,0.0,0.0,0.0,21.081656802373345
2930,1.1880098084616069,77.57959899902345,1,20.996505686499518,0.0,0.0,0.0,0.0,0.0,20.996505686499518
2940,1.1939803209496713,77.2128890991211,1,20.911537464193202,0.0,0.0,0.0,0.0,0.0,20.911537464193202
2950,1.2005408050401811,91.41231994628906,0,20.68145227152945,0.0,-2.0,-0.5,0.0,0.0,18.18145227152945
2960,1.2075773502164031,91.01483459472657,1,24.109635528666104,0.0,-2.0,0.0,0.0,0.0,22.109635528666104
2970,1.2145832642111223,90.61826248168946,1,24.017741984157283,0.0,0.0,0.0,0.0,0.0,24.017741984157283
2980,1.221558617508512,90.22261047363281,1,23.926059892169405,0.0,0.0,0.0,0.0,0.0,23.926059892169405
2990,1.2285034802884993,89.8278579711914,1,23.834588339961783,0.0,0.0,0.0,0.0,0.0,23.834588339961783
3000,1.235417922428444,89.43401184082032,1,23.74332641983426,0.0,0.0,0.0,0.0,0.0,23.74332641983426
3010,1.242302013504803,89.04107208251953,1,23.652273229077082,0.0,0.0,0.0,0.0,0.0,23.652273229077082
3020,1.2491558227947848,88.64901809692383,1,23.561427869944964,0.0,0.0,0.0,0.0,0.0,23.561427869944964
3030,1.255979419277993,88.25786361694337,1,23.470789449624704,0.0,0.0,0.0,0.0,0.0,23.470789449624704
3040,1.2627728716380557,87.86759490966797,1,23.380357080188446,0.0,0.0,0.0,0.0,0.0,23.380357080188446
3050,1.2695362482642474,87.47821197509766,1,23.29012987857493,0.0,0.0,0.0,0.0,0.0,23.29012987857493
3060,1.276269617253096,87.08970794677735,1,23.20010696654583,0.0,0.0,0.0,0.0,0.0,23.20010696654583
3070,1.2829730464099813,86.70208282470703,1,23.11028747065575,0.0,0.0,0.0,0.0,0.0,23.11028747065575
3080,1.2896466032507212,86.31532974243164,1,23.020670522219802,0.0,0.0,0.0,0.0,0.0,23.020670522219802
3090,1.2962903550031473,85.92944869995118,1,22.931255257278167,0.0,0.0,0.0,0.0,0.0,22.931255257278167
3100,1.3029043686086677,85.54443283081055,1,22.84204081656094,0.0,0.0,0.0,0.0,0.0,22.84204081656094
3110,1.3094887107238247,85.16027526855468,1,22.753026345471085,0.0,0.0,0.0,0.0,0.0,22.753026345471085
3120,1.3160434477218343,84.7769760131836,1,22.66421099402919,0.0,0.0,0.0,0.0,0.0,22.66421099402919
3130,1.3225686456941215,84.39453506469727,1,22.57559391686118,0.0,0.0,0.0,0.0,0.0,22.57559391686118
3140,1.3290643704518394,84.01294555664063,1,22.487174273153983,0.0,0.0,0.0,0.0,0.0,22.487174273153983
3150,1.3361492283015302,98.20469970703125,0,22.25457354907212,0.0,-2.0,-0.5,0.0,0.0,19.75457354907212
3160,1.3437092005484281,97.79128417968751,1,25.679916740694125,0.0,-2.0,0.0,0.0,0.0,23.679916740694125
3170,1.351237315147661,97.37885055541993,1,25.584343797698807,0.0,0.0,0.0,0.0,0.0,25.584343797698807
3180,1.358733647935877,96.96739883422852,1,25.488998364647387,0.0,0.0,0.0,0.0,0.0,25.488998364647387
3190,1.3661982744155685,96.55692901611329,1,25.39387943907502,0.0,0.0,0.0,0.0,0.0,25.39387943907502
3200,1.373631269756965,96.147420501709,1,25.29898602418939,0.0,0.0,0.0,0.0,0.0,25.29898602418939
3210,1.381651826238537,110.32481002807617,0,25.06166944471613,0.0,-2.0,-0.5,-0.7966675758361816,0.0,21.765003204345703
3220,1.3901457273773592,109.8816146850586,1,28.481703416466416,0.0,-2.0,0.0,-0.7624697685241699,0.0,25.7192325592041
3230,1.3986054791594926,109.43954544067383,1,28.3792553464001,0.0,0.0,0.0,-0.7283596992492676,0.0,27.650896072387695
3240,1.4070311677154543,108.99858169555664,1,28.277065667885267,0.0,0.0,0.0,-0.6943345069885254,0.0,27.582731246948242
3250,1.415422878782074,108.5587371826172,1,28.175133199859033,0.0,0.0,0.0,-0.6603960990905762,0.0,27.51473617553711
3260,1.4237806977048157,108.11999130249023,1,28.073456768225356,0.0,0.0,0.0,-0.6265425682067871,0.0,27.446914672851562
3270,1.432104709440086,107.68234405517579,1,27.9720352058107,0.0,0.0,0.0,-0.5927729606628418,0.0,27.379261016845703
3280,1.4403949985575224,107.24578857421875,1,27.87086735230912,0.0,0.0,0.0,-0.5590882301330566,0.0,27.311779022216797
3290,1.4486516492422628,106.81032485961914,1,27.76995205422122,0.0,0.0,0.0,-0.5254883766174316,0.0,27.244464874267578
3300,1.456874745297205,106.37594604492188,1,27.669288164826867,0.0,0.0,0.0,-0.491971492767334,0.0,27.177316665649414
3310,1.465064370145243,105.9426383972168,1,27.568874544113896,0.0,0.0,0.0,-0.45853662490844727,0.0,27.11033821105957
3320,1.4738402164813427,120.10779876708985,0,26.327539008298686,0.0,-2.0,-0.5,-1.551527500152588,0.0,22.276012420654297
3330,1.4830879037453673,119.63931427001954,1,27.743061792073945,0.0,-2.0,0.0,-1.5153794288635254,0.0,24.22768211364746
3340,1.4922994953736906,119.17206573486328,1,27.63477488496983,0.0,0.0,0.0,-1.479325771331787,0.0,26.15544891357422
3350,1.501475086532477,118.7060531616211,1,27.52677347635955,0.0,0.0,0.0,-1.4433684349060059,0.0,26.083404541015625
3360,1.5106147719399126,118.24126281738282,1,27.419056222306438,0.0,0.0,0.0,-1.4075045585632324,0.0,26.011550903320312
3370,1.5197186458689373,117.77769470214844,1,27.311621787074444,0.0,0.0,0.0,-1.3717360496520996,0.0,25.93988609313965
3380,1.5287868021499587,117.31534881591797,1,27.204468843063864,0.0,0.0,0.0,-1.3360610008239746,0.0,25.868408203125
3390,1.5378193341735458,116.8541976928711,1,27.09759607076137,0.0,0.0,0.0,-1.300478458404541,0.0,25.797117233276367
3400,1.5468163348930988,116.39425506591797,1,26.991002158659,0.0,0.0,0.0,-1.2649884223937988,0.0,25.726015090942383
3410,1.555777896827503,115.93550720214844,1,26.884685803212392,0.0,0.0,0.0,-1.2295918464660645,0.0,25.655094146728516
3420,1.5647041120637575,115.47794036865234,1,26.77864570876369,0.0,0.0,0.0,-1.1942858695983887,0.0,25.584360122680664
3430,1.5735950722595893,115.02157516479492,1,26.672880587495513,0.0,0.0,0.0,-1.1590723991394043,0.0,25.51380729675293
3440,1.5824508686460408,114.56638412475586,1,26.567389159354377,0.0,0.0,0.0,-1.1239495277404785,0.0,25.443439483642578
3450,1.5912715920300446,114.11236038208008,1,26.46217015201165,0.0,0.0,0.0,-1.088916301727295,0.0,25.373252868652344
3460,1.600677371227006,128.26687774658203,0,28.217337590883915,0.0,-2.0,-0.5,-2.1810860633850098,0.0,23.536251068115234
3470,1.610553685823939,127.77646179199219,1,29.628943790799383,0.0,-2.0,0.0,-2.143245220184326,0.0,25.485698699951172
3480,1.6203922156822899,127.28736419677735,1,29.51558957505239,0.0,0.0,0.0,-2.105506420135498,0.0,27.41008186340332
3490,1.6301930640234787,126.79961242675782,1,29.402545023566688,0.0,0.0,0.0,-2.067871570587158,0.0,27.334674835205078
3500,1.6399563335710516,126.31319274902344,1,29.289808642718583,0.0,0.0,0.0,-2.030338764190674,0.0,27.259469985961914
3510,1.6496821265538033,125.82809143066406,1,29.17737894825501,0.0,0.0,0.0,-1.992908000946045,0.0,27.184471130371094
3520,1.6593705447088758,125.3443084716797,1,29.065254465217492,0.0,0.0,0.0,-1.9555792808532715,0.0,27.10967445373535
3530,1.6685074508632645,112.7443016052246,2,27.410718463166006,0.0,-2.0,0.0,-0.9833569526672363,0.0,24.4273624420166
3540,1.677187780422822,112.2949607849121,1,29.040988678672306,0.0,-2.0,0.0,-0.9486851692199707,0.0,26.092304229736328
3550,1.6864534289085469,126.4518814086914,0,27.7969454571749,0.0,-2.0,-0.5,-2.0410399436950684,0.0,23.255905151367188
3560,1.6961899072541704,125.96640930175782,1,29.209435036870616,0.0,-2.0,0.0,-2.0035805702209473,0.0,25.205854415893555
3570,1.7053748148902923,113.36640243530273,2,27.55472290836576,0.0,-2.0,0.0,-1.031358242034912,0.0,24.523365020751953
3580,1.7135875003041918,100.76640243530274,2,24.638056241698564,0.0,0.0,0.0,-0.05913591384887695,0.0,24.578920364379883
3590,1.721344873563275,100.34683456420899,1,26.272119777249543,0.0,-2.0,0.0,-0.026762008666992188,0.0,24.245357513427734
3600,1.7290699158271976,99.9282829284668,1,26.17512679176764,0.0,0.0,0.0,0.0,0.0,26.17512679176764
3610,1.7367627050277419,99.51073379516602,1,26.078367601632976,0.0,0.0,0.0,0.0,0.0,26.078367601632976
3620,1.744423318750629,99.09419403076173,1,25.981841168661447,0.0,0.0,0.0,0.0,0.0,25.981841168661447
3630,1.7515347533270924,86.49419403076172,2,21.334303729390058,0.0,-2.0,0.0,0.0,0.0,19.334303729390058
3640,1.7581922891062107,86.10790786743165,1,22.972607337354958,0.0,-2.0,0.0,0.0,0.0,20.972607337354958
3650,1.7643016955284678,73.50790786743164,2,18.328219266771328,0.0,-2.0,0.0,0.0,0.0,16.328219266771328
3660,1.770576472147553,87.71140365600586,0,19.824329857255435,0.0,-5.0,-0.5,0.0,0.0,14.324329857255435
3670,1.7768096051852946,75.11140365600586,2,18.699399113224956,0.0,-5.0,0.0,0.0,0.0,13.699399113224956
3680,1.7820705160008143,62.51140365600586,2,15.782732446559123,0.0,0.0,0.0,0.0,0.0,15.782732446559123
3690,1.7868796745306346,62.17566833496094,1,17.42747558946067,0.0,-2.0,0.0,0.0,0.0,15.42747558946067
3700,1.7911424575284733,49.57566833496094,2,12.788348993516308,0.0,-2.0,0.0,0.0,0.0,10.788348993516308
3710,1.794954527069184,49.264394760131836,1,14.436208622132085,0.0,-2.0,0.0,0.0,0.0,12.436208622132085
3720,1.7987426026586149,48.95368766784668,1,14.364226768292497,0.0,0.0,0.0,0.0,0.0,14.364226768292497
3730,1.8031238082592662,63.182105255126956,0,14.143616801954067,0.0,-2.0,-0.5,0.0,0.09748215704615265,11.74109895900022
3740,1.8086022985365162,77.39651184082031,0,17.435470831750052,0.0,0.0,-0.5,0.0,0.10877039168591342,17.044241223435964
3750,1.8140395295108924,64.79651184082032,2,16.311692923128618,0.0,-5.0,0.0,0.0,0.1212656727955967,11.432958595924214
3760,1.8196425185228604,79.00925674438477,0,17.80896703590389,0.0,-5.0,-0.5,0.0,0.13564532324416895,12.44461235914806
3770,1.8263415273312704,93.20668258666993,0,21.09702642523004,0.0,0.0,-0.5,0.0,0.15509281405142605,20.752119239281466
3780,1.8329986789538704,80.60668258666992,2,19.97145486779982,0.0,-5.0,0.0,0.0,0.17718010728425146,15.148634975084072
3790,1.8392024852558535,80.2334358215332,1,21.61141890594945,0.0,-2.0,0.0,0.0,0.2005859627048614,19.81200486865431
3800,1.845377525815695,79.86099243164062,1,21.525121679524602,0.0,0.0,0.0,0.0,0.22695317251711222,21.752074852041716
3810,1.8515238631895323,79.48936614990235,1,21.439012121511894,0.0,0.0,0.0,0.0,0.25663900694081565,21.69565112845271
3820,1.8576415596721374,79.11854324340821,1,21.353089447815165,0.0,0.0,0.0,0.0,0.2900416069291878,21.64313105474435
3830,1.8637306772983,78.7485237121582,1,21.267352878487856,0.0,0.0,0.0,0.0,0.32760438508747663,21.59495726357533
3840,1.8704095798310834,92.94623794555665,0,21.036707598350063,0.0,-2.0,-0.5,0.0,0.3744224809367742,18.91113007928684
3850,1.8770466354410076,80.34623794555664,2,19.911166829772654,0.0,-5.0,0.0,0.0,0.42757337036540033,15.338740200138055
3860,1.8838487435441313,94.54216690063477,0,21.40632430937127,0.0,-5.0,-0.5,0.0,0.4898837226836782,16.39620803205495
3870,1.8911264805360524,94.13740997314453,1,24.833210975763095,0.0,-2.0,0.0,0.0,0.5666392184294072,23.399850194192503
3880,1.898992045755512,108.31723022460938,0,24.59669565837909,0.0,-2.0,-0.5,-0.641761302947998,0.6631718163930846,22.118104934692383
3890,1.9073312559015911,107.8790885925293,1,28.017630438237205,0.0,-2.0,0.0,-0.6079545021057129,0.7835370194098632,26.193212509155273
3900,1.9151205375960596,95.2790885925293,2,23.367845083405413,0.0,-2.0,0.0,0.0,0.9156222999467162,22.28346738335213
3910,1.9224550625397046,94.87260131835937,1,25.003574830934852,0.0,-2.0,0.0,0.0,1.0602865091240012,24.063861340058853
3920,1.9292407571764987,82.27260131835938,2,20.357083910382357,0.0,-2.0,0.0,0.0,1.214403556138611,19.571487466520967
3930,1.9355729516333375,81.8957015991211,1,21.99658337051659,0.0,-2.0,0.0,0.0,1.378363526459967,21.374946896976557
3940,1.9424945435225798,96.0898796081543,0,21.76477566772671,0.0,-2.0,-0.5,0.0,1.5830110841839429,20.847786751910654
3950,1.9505106626542001,110.26733093261718,0,25.048357394861114,0.0,0.0,-0.5,-0.7922320365905762,1.8582796967351212,25.614404678344727
3960,1.9596199696385568,124.42690887451172,0,27.327920953069906,0.0,0.0,-0.5,-1.8847918510437012,2.2296336850950342,27.172761917114258
3970,1.969200432278113,123.94690246582032,1,28.741387918668416,0.0,-2.0,0.0,-2.3805508613586426,2.7005259706863374,27.061363220214844
3980,1.9782295142148998,111.34690246582032,2,27.0872458103606,0.0,-2.0,0.0,-2.8001255989074707,3.2349976345016813,25.522117614746094
3990,1.986802170753671,110.90111846923828,1,25.717969616313454,0.0,-2.0,0.0,-4.508029937744141,3.8400344100404453,23.04997444152832
4000,1.9959603465370783,125.05987243652343,0,27.474527350222154,0.0,-2.0,-0.5,-9.64968204498291,4.611922707073642,19.936767578125
4010,2.00558957644868,124.57816314697266,1,0.0,0.0,-2.0,0.0,-18.52662467956543,4.471153296266866,-16.055471420288086
4020,2.0151816926884387,124.09774475097656,1,0.0,0.0,0.0,0.0,-15.062862396240234,3.690655404459959,-11.372206687927246
4030,2.024736795253998,123.61863098144532,1,0.0,0.0,0.0,0.0,-13.255674362182617,3.0486595656790287,-10.207015037536621
4040,2.0342549836652593,123.14080810546875,1,0.0,0.0,0.0,0.0,-11.852424621582031,2.520199938697294,-9.33222484588623
4050,2.043736356967347,122.66426239013673,1,0.0,0.0,0.0,0.0,-11.748785018920898,2.0848789022057383,-9.66390609741211
4060,2.0531810137335476,122.18898010253906,1,0.0,0.0,0.0,0.0,-11.712112426757812,0.0,-11.712112426757812
4070,2.0625890520682333,121.71497497558595,1,0.0,0.0,0.0,0.0,-11.675539016723633,0.0,-11.675539016723633
4080,2.0719605696097534,121.24223327636719,1,0.0,0.0,0.0,0.0,-11.639060974121094,0.0,-11.639060974121094
4090,2.081295663533311,120.77075500488282,1,0.0,0.0,0.0,0.0,-11.602682113647461,0.0,-11.602682113647461
4100,2.090594430553814,120.3005126953125,1,0.0,0.0,0.0,0.0,-11.566396713256836,0.0,-11.566396713256836
4110,2.0998569669287046,119.83153381347657,1,0.0,0.0,0.0,0.0,-11.530210494995117,0.0,-11.530210494995117
4120,2.1090833684607637,119.36377716064453,1,0.0,0.0,0.0,0.0,-11.494117736816406,0.0,-11.494117736816406
4130,2.1182737305009036,118.89725646972657,1,0.0,0.0,0.0,0.0,-11.458122253417969,0.0,-11.458122253417969
4140,2.127428147950923,118.43197174072266,1,0.0,0.0,0.0,0.0,-11.422220230102539,0.0,-11.422220230102539
4150,2.1365467152662583,117.9678955078125,1,0.0,0.0,0.0,0.0,-11.386411666870117,0.0,-11.386411666870117
4160,2.1456295264587006,117.5050552368164,1,0.0,0.0,0.0,0.0,-11.350698471069336,0.0,-11.350698471069336
4170,2.1546766750991,117.04340972900391,1,0.0,0.0,0.0,0.0,-11.315078735351562,0.0,-11.315078735351562
4180,2.1636882543200424,116.58297271728516,1,0.0,0.0,0.0,0.0,-11.279550552368164,0.0,-11.279550552368164
4190,2.172664356818512,116.12373046875,1,0.0,0.0,0.0,0.0,-11.244115829467773,0.0,-11.244115829467773
4200,2.1816050748585316,115.66568298339844,1,0.0,0.0,0.0,0.0,-11.208772659301758,0.0,-11.208772659301758
4210,2.1905105002737786,115.20883026123047,1,0.0,0.0,0.0,0.0,-11.173521041870117,0.0,-11.173521041870117
4220,2.1993807244701866,114.75315170288086,1,0.0,0.0,0.0,0.0,-11.138360977172852,0.0,-11.138360977172852
4230,2.2082158384285244,114.29864730834962,1,0.0,0.0,0.0,0.0,-11.103290557861328,0.0,-11.103290557861328
4240,2.217015932706958,113.84531707763672,1,0.0,0.0,0.0,0.0,-11.06831169128418,0.0,-11.06831169128418
4250,2.225781097443588,113.39316101074219,1,0.0,0.0,0.0,0.0,-11.033422470092773,0.0,-11.033422470092773
4260,2.2345114223589735,112.94215850830078,1,0.0,0.0,0.0,0.0,-10.99862289428711,0.0,-10.99862289428711
4270,2.2432069967586337,112.4923095703125,1,0.0,0.0,0.0,0.0,-10.963912963867188,0.0,-10.963912963867188
4280,2.2518679095355316,112.04360733032227,1,0.0,0.0,0.0,0.0,-10.929290771484375,0.0,-10.929290771484375
4290,2.2604942491725377,111.59605865478515,1,0.0,0.0,0.0,0.0,-10.894758224487305,0.0,-10.894758224487305
4300,2.269086103744877,111.14964294433594,1,0.0,0.0,0.0,0.0,-10.860311508178711,0.0,-10.860311508178711
4310,2.2776435609225576,110.70436019897461,1,0.0,0.0,0.0,0.0,-10.82595443725586,0.0,-10.82595443725586
4320,2.2861667079727797,110.26021041870118,1,0.0,0.0,0.0,0.0,-10.791683197021484,0.0,-10.791683197021484
4330,2.2946556317623252,109.81717987060547,1,0.0,0.0,0.0,0.0,-10.757497787475586,0.0,-10.757497787475586
4340,2.3031104187599345,109.37527542114258,1,0.0,0.0,0.0,0.0,-10.723400115966797,0.0,-10.723400115966797
4350,2.311531155038661,108.93447647094727,1,0.0,0.0,0.0,0.0,-10.689388275146484,0.0,-10.689388275146484
4360,2.319917926278209,108.4947898864746,1,0.0,0.0,0.0,0.0,-10.655462265014648,0.0,-10.655462265014648
4370,2.3282708177672546,108.05620193481445,1,0.0,0.0,0.0,0.0,-10.621620178222656,0.0,-10.621620178222656
4380,2.336589914405751,107.6187126159668,1,0.0,0.0,0.0,0.0,-10.58786392211914,0.0,-10.58786392211914
4390,2.3448753007072116,107.18232192993165,1,0.0,0.0,0.0,0.0,-10.554191589355469,0.0,-10.554191589355469
4400,2.353127060800985,106.74700927734375,1,0.0,0.0,0.0,0.0,-10.52060317993164,0.0,-10.52060317993164
4410,2.361345278434503,106.31278839111329,1,0.0,0.0,0.0,0.0,-10.487098693847656,0.0,-10.487098693847656
4420,2.3695300369755166,105.87964553833008,1,0.0,0.0,0.0,0.0,-10.453676223754883,0.0,-10.453676223754883
4430,2.3776814194143205,105.44757385253907,1,0.0,0.0,0.0,0.0,-10.420337677001953,0.0,-10.420337677001953
4440,2.3857995083659507,105.01656646728516,1,0.0,0.0,0.0,0.0,-10.387081146240234,0.0,-10.387081146240234
4450,2.3938843860723753,104.58663024902344,1,0.0,0.0,0.0,0.0,-10.353906631469727,0.0,-10.353906631469727
4460,2.4019361344046644,104.15775146484376,1,0.0,0.0,0.0,0.0,-10.32081413269043,0.0,-10.32081413269043
4470,2.4099548348651427,103.72992324829102,1,0.0,0.0,0.0,0.0,-10.287801742553711,0.0,-10.287801742553711
4480,2.417940568589534,103.30314559936524,1,0.0,0.0,0.0,0.0,-10.25487232208252,0.0,-10.25487232208252
4490,2.425893416349079,102.87741165161133,1,0.0,0.0,0.0,0.0,-10.222023010253906,0.0,-10.222023010253906
4500,2.4338134585526467,102.4527214050293,1,0.0,0.0,0.0,0.0,-10.189252853393555,0.0,-10.189252853393555
4510,2.441700775248827,102.02906112670898,1,0.0,0.0,0.0,0.0,-10.156562805175781,0.0,-10.156562805175781
4520,2.4495554461280062,101.60643768310547,1,0.0,0.0,0.0,0.0,-10.123952865600586,0.0,-10.123952865600586
4530,2.4573775505244315,101.1848373413086,1,0.0,0.0,0.0,0.0,-10.091423034667969,0.0,-10.091423034667969
4540,2.465167167418256,100.76426010131836,1,0.0,0.0,0.0,0.0,-10.05897045135498,0.0,-10.05897045135498
4550,2.472924375437573,100.34469909667969,1,0.0,0.0,0.0,0.0,-10.026597023010254,0.0,-10.026597023010254
4560,2.4806492528604336,99.9261474609375,1,0.0,0.0,0.0,0.0,-10.0,0.0,-10.0
4570,2.4883418776168478,99.5086051940918,1,0.0,0.0,0.0,0.0,-10.0,0.0,-10.0
4580,2.4960023272907748,99.09206542968751,1,0.0,0.0,0.0,0.0,-10.0,0.0,-10.0
4590,2.503630679122098,98.67652816772461,1,0.0,0.0,0.0,0.0,-10.0,0.0,-10.0
4600,2.5112270100085823,98.26198654174804,1,0.0,0.0,0.0,0.0,-10.0,0.0,-10.0
4610,2.5187913965078232,97.84843368530274,1,0.0,0.0,0.0,0.0,-10.0,0.0,-10.0
4620,2.526323914839178,97.4358627319336,1,0.0,0.0,0.0,0.0,-10.0,0.0,-10.0
4630,2.53382464088568,97.02427368164062,1,0.0,0.0,0.0,0.0,-10.0,0.0,-10.0
4640,2.541293650195949,96.61366653442383,1,0.0,0.0,0.0,0.0,-10.0,0.0,-10.0
4650,2.5487310179860785,96.20402755737305,1,0.0,0.0,0.0,0.0,-10.0,0.0,-10.0
4660,2.5561368191415124,95.79536361694336,1,0.0,0.0,0.0,0.0,-10.0,0.0,-10.0
4670,2.563511128218909,95.38766098022461,1,0.0,0.0,0.0,0.0,-10.0,0.0,-10.0
4680,2.570854019447995,94.98091278076173,1,0.0,0.0,0.0,0.0,-10.0,0.0,-10.0
4690,2.578165566733399,94.57512588500977,1,0.0,0.0,0.0,0.0,-10.0,0.0,-10.0
4700,2.5854458436564762,94.17029342651368,1,0.0,0.0,0.0,0.0,-10.0,0.0,-10.0
4710,2.592694923477121,93.76640167236329,1,0.0,0.0,0.0,0.0,-10.0,0.0,-10.0
4720,2.5999128791355663,93.36345748901367,1,0.0,0.0,0.0,0.0,-10.0,0.0,-10.0
4730,2.6070997832541667,92.96145401000977,1,0.0,0.0,0.0,0.0,-10.0,0.0,-10.0
4740,2.614255708139174,92.5603843688965,1,0.0,0.0,0.0,0.0,-10.0,0.0,-10.0
4750,2.621380725782497,92.16024169921876,1,0.0,0.0,0.0,0.0,-10.0,0.0,-10.0
4760,2.62847490786345,91.76103286743164,1,0.0,0.0,0.0,0.0,-10.0,0.0,-10.0
4770,2.635538325750486,91.362744140625,1,0.0,0.0,0.0,0.0,-10.0,0.0,-10.0
4780,2.642571050502928,90.96536865234376,1,0.0,0.0,0.0,0.0,-10.0,0.0,-10.0
4790,2.6495731528726694,90.56892013549805,1,0.0,0.0,0.0,0.0,-10.0,0.0,-10.0
4800,2.656544703305885,90.17337112426758,1,0.0,0.0,0.0,0.0,-10.0,0.0,-10.0
4810,2.6634857719447114,89.7787353515625,1,0.0,0.0,0.0,0.0,-10.0,0.0,-10.0
4820,2.6703964286289255,89.38500595092773,1,0.0,0.0,0.0,0.0,-10.0,0.0,-10.0
4830,2.6772767428976083,88.99216918945312,1,0.0,0.0,0.0,0.0,-10.0,0.0,-10.0
4840,2.6841267839907994,88.60023193359375,1,0.0,0.0,0.0,0.0,-10.0,0.0,-10.0
4850,2.690946620851135,88.20918731689453,1,0.0,0.0,0.0,0.0,-10.0,0.0,-10.0
4860,2.6977363221254795,87.8190284729004,1,0.0,0.0,0.0,0.0,-10.0,0.0,-10.0
4870,2.7044959561665434,87.42975540161133,1,0.0,0.0,0.0,0.0,-10.0,0.0,-10.0
4880,2.711225591034494,87.04136123657227,1,0.0,0.0,0.0,0.0,-10.0,0.0,-10.0
4890,2.717925294498544,86.6538459777832,1,0.0,0.0,0.0,0.0,-10.0,0.0,-10.0
4900,2.7245951340385433,86.26720275878907,1,0.0,0.0,0.0,0.0,-10.0,0.0,-10.0
4910,2.7312351768465506,85.88142471313476,1,0.0,0.0,0.0,0.0,-10.0,0.0,-10.0
4920,2.737845489828397,85.4965187072754,1,0.0,0.0,0.0,0.0,-10.0,0.0,-10.0
4930,2.744426139605239,85.11247100830079,1,0.0,0.0,0.0,0.0,-10.0,0.0,-10.0
4940,2.7509771925150988,84.72928161621094,1,0.0,0.0,0.0,0.0,-10.0,0.0,-10.0
4950,2.7574987146143957,84.34694366455078,1,0.0,0.0,0.0,0.0,-10.0,0.0,-10.0
4960,2.7639907716794703,83.9654640197754,1,0.0,0.0,0.0,0.0,-10.0,0.0,-10.0
4970,2.7704534292080902,83.58482208251954,1,0.0,0.0,0.0,0.0,-10.0,0.0,-10.0
4980,2.776886752420952,83.20503158569336,1,0.0,0.0,0.0,0.0,-10.0,0.0,-10.0
4990,2.783290806263173,82.82607879638672,1,0.0,0.0,0.0,0.0,-10.0,0.0,-10.0
5000,2.7896656554057673,82.44796371459961,1,0.0,0.0,0.0,0.0,-10.0,0.0,-10.0
5010,2.7960113642471165,82.07067947387695,1,0.0,0.0,0.0,0.0,-10.0,0.0,-10.0
5020,2.802327996914431,81.69422607421875,1,0.0,0.0,0.0,0.0,-10.0,0.0,-10.0
5030,2.8086156172651977,81.31859664916992,1,0.0,0.0,0.0,0.0,-10.0,0.0,-10.0
5040,2.8148742888886216,80.94379119873047,1,0.0,0.0,0.0,0.0,-10.0,0.0,-10.0
5050,2.8211040751070526,80.56980285644532,1,0.0,0.0,0.0,0.0,-10.0,0.0,-10.0
5060,2.827305038977409,80.19663162231446,1,0.0,0.0,0.0,0.0,-10.0,0.0,-10.0
5070,2.8334772432925863,79.82427062988282,1,0.0,0.0,0.0,0.0,-10.0,0.0,-10.0
5080,2.8396207505828603,79.45272674560547,1,0.0,0.0,0.0,0.0,-10.0,0.0,-10.0
5090,2.8457356231172763,79.0819793701172,1,0.0,0.0,0.0,0.0,-10.0,0.0,-10.0
5100,2.851821922905035,78.71203536987305,1,0.0,0.0,0.0,0.0,-10.0,0.0,-10.0
5110,2.8578797116968606,78.34289474487305,1,0.0,0.0,0.0,0.0,-10.0,0.0,-10.0
5120,2.8639090509863707,77.97454376220703,1,0.0,0.0,0.0,0.0,-10.0,0.0,-10.0
5130,2.869910002011426,77.60698928833008,1,0.0,0.0,0.0,0.0,-10.0,0.0,-10.0
5140,2.8758826257554793,77.24022445678712,1,0.0,0.0,0.0,0.0,-10.0,0.0,-10.0
5150,2.88182698294891,76.87424240112306,1,0.0,0.0,0.0,0.0,-10.0,0.0,-10.0
5160,2.8877431340703525,76.5090431213379,1,0.0,0.0,0.0,0.0,-10.0,0.0,-10.0
5170,2.8936311393480167,76.14462661743164,1,0.0,0.0,0.0,0.0,-10.0,0.0,-10.0
5180,2.899491058760995,75.78097915649414,1,0.0,0.0,0.0,0.0,-10.0,0.0,-10.0
5190,2.9053229520405663,75.41810760498048,1,0.0,0.0,0.0,0.0,-10.0,0.0,-10.0
5200,2.911126878671487,75.05600509643556,1,0.0,0.0,0.0,0.0,-10.0,0.0,-10.0
5210,2.916902897893278,74.69467163085938,1,0.0,0.0,0.0,0.0,-10.0,0.0,-10.0
5220,2.922131653391534,62.094671630859374,2,0.0,0.0,0.0,0.0,-10.0,0.0,-10.0
5230,2.9269086913701394,61.75975341796875,1,0.0,0.0,-2.0,0.0,-10.0,0.0,-12.0
5240,2.931659914804539,61.42549438476563,1,0.0,0.0,0.0,0.0,-10.0,0.0,-10.0
5250,2.9363853742413055,61.091887664794925,1,0.0,0.0,0.0,0.0,-10.0,0.0,-10.0
5260,2.9410851200270454,60.75892639160156,1,0.0,0.0,0.0,0.0,-10.0,0.0,-10.0
5270,2.9457592023093833,60.4266242980957,1,0.0,0.0,0.0,0.0,-10.0,0.0,-10.0
5280,2.950407671037936,60.09496078491211,1,0.0,0.0,0.0,0.0,-10.0,0.0,-10.0
5290,2.955030575965285,59.76394271850586,1,0.0,0.0,0.0,0.0,-10.0,0.0,-10.0
5300,2.9596279666479397,59.433570098876956,1,0.0,0.0,0.0,0.0,-10.0,0.0,-10.0
5310,2.9641998924472954,59.10382919311524,1,0.0,0.0,0.0,0.0,-10.0,0.0,-10.0
5320,2.9687464025305887,58.77472686767578,1,0.0,0.0,0.0,0.0,-10.0,0.0,-10.0
5330,2.9732675458718405,58.44625625610352,1,0.0,0.0,0.0,0.0,-10.0,0.0,-10.0
5340,2.9777633712527978,58.11842422485352,1,0.0,0.0,0.0,0.0,-10.0,0.0,-10.0
5350,2.9822339272638683,57.79121704101563,1,0.0,0.0,0.0,0.0,-10.0,0.0,-10.0
5360,2.9866792623050507,57.46463127136231,1,0.0,0.0,0.0,0.0,-10.0,0.0,-10.0
5370,2.9910994245868547,57.13867378234863,1,0.0,0.0,0.0,0.0,-10.0,0.0,-10.0
5380,2.9954944621312203,56.813334274292,1,0.0,0.0,0.0,0.0,-10.0,0.0,-10.0
5390,2.9998644227724305,56.488616180419925,1,0.0,0.0,0.0,0.0,-10.0,0.0,-10.0
5400,3.004209354158013,56.164516067504884,1,0.0,0.0,0.0,0.0,-10.0,0.0,-10.0
5410,3.0085293037496457,55.8410270690918,1,0.0,0.0,0.0,0.0,-10.0,0.0,-10.0
5420,3.0128243188240478,55.5181526184082,1,0.0,0.0,0.0,0.0,-10.0,0.0,-10.0
5430,3.01709444647387,55.195885848999026,1,0.0,0.0,0.0,0.0,-10.0,0.0,-10.0
5440,3.0213397336085794,54.87422332763672,1,0.0,0.0,0.0,0.0,-10.0,0.0,-10.0
5450,3.0255602269553354,54.55316848754883,1,0.0,0.0,0.0,0.0,-10.0,0.0,-10.0
5460,3.0297559730598644,54.23271446228028,1,0.0,0.0,0.0,0.0,-10.0,0.0,-10.0
5470,3.0339270182873257,53.91286125183105,1,0.0,0.0,0.0,0.0,-10.0,0.0,-10.0
5480,3.0380734088231773,53.59360542297363,1,0.0,0.0,0.0,0.0,-10.0,0.0,-10.0
5490,3.0421951906740268,53.27494354248047,1,0.0,0.0,0.0,0.0,-10.0,0.0,-10.0
5500,3.046292409668489,52.95687561035157,1,0.0,0.0,0.0,0.0,-10.0,0.0,-10.0
5510,3.050365111458028,52.639398193359376,1,0.0,0.0,0.0,0.0,-10.0,0.0,-10.0
5520,3.0544133415177988,52.32251129150391,1,0.0,0.0,0.0,0.0,-10.0,0.0,-10.0
5530,3.058437145147486,52.00620803833008,1,0.0,0.0,0.0,0.0,-10.0,0.0,-10.0
5540,3.062436567472132,51.69048843383789,1,0.0,0.0,0.0,0.0,-10.0,0.0,-10.0
5550,3.066411653442964,51.375349044799805,1,0.0,0.0,0.0,0.0,-10.0,0.0,-10.0
5560,3.0703624478382157,51.06079330444336,1,0.0,0.0,0.0,0.0,-10.0,0.0,-10.0
5570,3.07428899526394,50.74681091308594,1,0.0,0.0,0.0,0.0,-10.0,0.0,-10.0
5580,3.078191340154823,50.43340530395508,1,0.0,0.0,0.0,0.0,-10.0,0.0,-10.0
5590,3.0820695267749887,50.1205696105957,1,0.0,0.0,0.0,0.0,-10.0,0.0,-10.0
5600,3.085923599218801,49.80830726623535,1,0.0,0.0,0.0,0.0,-10.0,0.0,-10.0
5610,3.0897536014116582,49.49661140441895,1,0.0,0.0,0.0,0.0,-10.0,0.0,-10.0
5620,3.0935595771107844,49.185482025146484,1,0.0,0.0,0.0,0.0,-10.0,0.0,-10.0
5630,3.097341569906019,48.87491912841797,1,0.0,0.0,0.0,0.0,-10.0,0.0,-10.0
5640,3.101099623220594,48.56491584777832,1,0.0,0.0,0.0,0.0,-10.0,0.0,-10.0
5650,3.1048337803119153,48.25547218322754,1,0.0,0.0,0.0,0.0,-10.0,0.0,-10.0
5660,3.108544084272332,47.946588134765626,1,0.0,0.0,0.0,0.0,-10.0,0.0,-10.0
5670,3.1122305780299064,47.638256835937504,1,0.0,0.0,0.0,0.0,-10.0,0.0,-10.0
5680,3.1158933043491754,47.330478286743165,1,0.0,0.0,0.0,0.0,-10.0,0.0,-10.0
5690,3.1195323058319118,47.02325248718262,1,0.0,0.0,0.0,0.0,-10.0,0.0,-10.0
5700,3.123147624917874,46.71657600402832,1,0.0,0.0,0.0,0.0,-10.0,0.0,-10.0
5710,3.1267393038855587,46.41044540405274,1,0.0,0.0,0.0,0.0,-10.0,0.0,-10.0
5720,3.1303073848529452,46.10486068725586,1,0.0,0.0,0.0,0.0,-10.0,0.0,-10.0
5730,3.133851909778237,45.799818420410155,1,0.0,0.0,0.0,0.0,-10.0,0.0,-10.0
5740,3.137372920460597,45.49531860351563,1,0.0,0.0,0.0,0.0,-10.0,0.0,-10.0
5750,3.1408704585408773,45.19135437011719,1,0.0,0.0,0.0,0.0,-10.0,0.0,-10.0
5760,3.1443445655023496,44.887929153442386,1,0.0,0.0,0.0,0.0,-10.0,0.0,-10.0
5770,3.1477952826714275,44.58503608703614,1,0.0,0.0,0.0,0.0,-10.0,0.0,-10.0
5780,3.151222651218383,44.28267860412598,1,0.0,0.0,0.0,0.0,-10.0,0.0,-10.0
5790,3.1546267121580644,43.98084983825684,1,0.0,0.0,0.0,0.0,-10.0,0.0,-10.0
5800,3.158007506350604,43.67955322265625,1,0.0,0.0,0.0,0.0,-10.0,0.0,-10.0
5810,3.161365074502127,43.3787784576416,1,0.0,0.0,0.0,0.0,-10.0,0.0,-10.0
5820,3.1646994571654496,43.07853240966797,1,0.0,0.0,0.0,0.0,-10.0,0.0,-10.0
5830,3.1680106947407785,42.778804779052734,1,0.0,0.0,0.0,0.0,-10.0,0.0,-10.0
5840,3.171298827476406,42.47960243225098,1,0.0,0.0,0.0,0.0,-10.0,0.0,-10.0
5850,3.174563895469397,42.18091506958008,1,0.0,0.0,0.0,0.0,-10.0,0.0,-10.0
5860,3.1784227723223197,56.415584564208984,0,0.0,0.0,-2.0,-0.5,-10.0,0.0,-12.5
5870,3.1827620742694047,56.091621780395506,1,0.0,0.0,-2.0,0.0,-10.0,0.0,-12.0
5880,3.187076405084233,55.768270111083986,1,0.0,0.0,0.0,0.0,-10.0,0.0,-10.0
5890,3.1913658120019996,55.445532989501956,1,0.0,0.0,0.0,0.0,-10.0,0.0,-10.0
5900,3.195630342074029,55.123400115966795,1,0.0,0.0,0.0,0.0,-10.0,0.0,-10.0
5910,3.199870042168661,54.80187835693359,1,0.0,0.0,0.0,0.0,-10.0,0.0,-10.0
5920,3.204084958972125,54.480957412719725,1,0.0,0.0,0.0,0.0,-10.0,0.0,-10.0
5930,3.2082751389894124,54.160640716552734,1,0.0,0.0,0.0,0.0,-10.0,0.0,-10.0
5940,3.2124406285451435,53.84092140197754,1,0.0,0.0,0.0,0.0,-10.0,0.0,-10.0
5950,3.216581473784428,53.52179946899414,1,0.0,0.0,0.0,0.0,-10.0,0.0,-10.0
5960,3.220697720673719,53.203271484375,1,0.0,0.0,0.0,0.0,-10.0,0.0,-10.0
5970,3.2247894150016694,52.88533744812012,1,0.0,0.0,0.0,0.0,-10.0,0.0,-10.0
5980,3.228856602379967,52.56799049377442,1,0.0,0.0,0.0,0.0,-10.0,0.0,-10.0
5990,3.2328993282441845,52.25123405456543,1,0.0,0.0,0.0,0.0,-10.0,0.0,-10.0
6000,3.236917637854608,51.935064697265624,1,0.0,0.0,0.0,0.0,-10.0,0.0,-10.0
6010,3.240911576297069,51.619475555419925,1,0.0,0.0,0.0,0.0,-10.0,0.0,-10.0
6020,3.2448811884837703,51.30447006225586,1,0.0,0.0,0.0,0.0,-10.0,0.0,-10.0
6030,3.2488265191541017,50.99004135131836,1,0.0,0.0,0.0,0.0,-10.0,0.0,-10.0
6040,3.2527476128754587,50.67618942260742,1,0.0,0.0,0.0,0.0,-10.0,0.0,-10.0
6050,3.256644514044051,50.36291084289551,1,0.0,0.0,0.0,0.0,-10.0,0.0,-10.0
6060,3.2605172668857074,50.050205612182616,1,0.0,0.0,0.0,0.0,-10.0,0.0,-10.0
6070,3.2643659154566755,49.738070297241215,1,0.0,0.0,0.0,0.0,-10.0,0.0,-10.0
6080,3.2681905036444143,49.42650489807129,1,0.0,0.0,0.0,0.0,-10.0,0.0,-10.0
6090,3.271991075168391,49.115502548217776,1,0.0,0.0,0.0,0.0,-10.0,0.0,-10.0
6100,3.2757676735808587,48.805063247680664,1,0.0,0.0,0.0,0.0,-10.0,0.0,-10.0
6110,3.2795203422676424,48.495186996459964,1,0.0,0.0,0.0,0.0,-10.0,0.0,-10.0
6120,3.283249124448913,48.18587036132813,1,0.0,0.0,0.0,0.0,-10.0,0.0,-10.0
6130,3.286954063179961,47.877109909057616,1,0.0,0.0,0.0,0.0,-10.0,0.0,-10.0
6140,3.29063520135196,47.5689022064209,1,0.0,0.0,0.0,0.0,-10.0,0.0,-10.0
6150,3.2942925816927295,47.26125068664551,1,0.0,0.0,0.0,0.0,-10.0,0.0,-10.0
6160,3.297926246767494,46.95414848327637,1,0.0,0.0,0.0,0.0,-10.0,0.0,-10.0
6170,3.3015362389796366,46.64759559631348,1,0.0,0.0,0.0,0.0,-10.0,0.0,-10.0
6180,3.3051226005714436,46.3415885925293,1,0.0,0.0,0.0,0.0,-10.0,0.0,-10.0
6190,3.308685373624853,46.03612403869629,1,0.0,0.0,0.0,0.0,-10.0,0.0,-10.0
6200,3.312224600062191,45.73120536804199,1,0.0,0.0,0.0,0.0,-10.0,0.0,-10.0
6210,3.315740321646909,45.42682571411133,1,0.0,0.0,0.0,0.0,-10.0,0.0,-10.0
6220,3.319232579984312,45.1229850769043,1,0.0,0.0,0.0,0.0,-10.0,0.0,-10.0
6230,3.322701416522289,44.81967658996582,1,0.0,0.0,0.0,0.0,-10.0,0.0,-10.0
6240,3.3261468725520302,44.516907119750975,1,0.0,0.0,0.0,0.0,-10.0,0.0,-10.0
6250,3.329568989208749,44.21466979980469,1,0.0,0.0,0.0,0.0,-10.0,0.0,-10.0
6260,3.332967807472394,43.912957763671876,1,0.0,0.0,0.0,0.0,-10.0,0.0,-10.0
6270,3.336343368168356,43.61177787780762,1,0.0,0.0,0.0,0.0,-10.0,0.0,-10.0
6280,3.339695711968179,43.311123275756835,1,0.0,0.0,0.0,0.0,-10.0,0.0,-10.0
6290,3.343024879390253,43.01099395751953,1,0.0,0.0,0.0,0.0,-10.0,0.0,-10.0
6300,3.346330910800518,42.71138648986817,1,0.0,0.0,0.0,0.0,-10.0,0.0,-10.0
6310,3.349613846413153,42.4122974395752,1,0.0,0.0,0.0,0.0,-10.0,0.0,-10.0
6320,3.352873726291266,42.11373023986817,1,0.0,0.0,0.0,0.0,-10.0,0.0,-10.0
6330,3.356110590347576,41.81567802429199,1,0.0,0.0,0.0,0.0,-10.0,0.0,-10.0
6340,3.359324478345097,41.51813735961914,1,0.0,0.0,0.0,0.0,-10.0,0.0,-10.0
6350,3.3625154298978126,41.22111167907715,1,0.0,0.0,0.0,0.0,-10.0,0.0,-10.0
6360,3.3656834844713486,40.92459754943848,1,0.0,0.0,0.0,0.0,-10.0,0.0,-10.0
6370,3.3688286813836426,40.628591537475586,1,0.0,0.0,0.0,0.0,-10.0,0.0,-10.0
6380,3.3719510598056055,40.333090209960936,1,0.0,0.0,0.0,0.0,-10.0,0.0,-10.0
6390,3.3750506587617872,40.03809700012207,1,0.0,0.0,0.0,0.0,-10.0,0.0,-10.0
6400,3.3781275171310288,39.743605041503905,1,0.0,0.0,0.0,0.0,-10.0,0.0,-10.0
6410,3.38118167364712,39.44961433410645,1,0.0,0.0,0.0,0.0,-10.0,0.0,-10.0
6420,3.3842131668994444,39.15612144470215,1,0.0,0.0,0.0,0.0,-10.0,0.0,-10.0
6430,3.3872220353336266,38.86312980651856,1,0.0,0.0,0.0,0.0,-10.0,0.0,-10.0
6440,3.390208317252174,38.57062911987305,1,0.0,0.0,0.0,0.0,-10.0,0.0,-10.0
6450,3.393172050815116,38.27862625122071,1,0.0,0.0,0.0,0.0,-10.0,0.0,-10.0
6460,3.3961132740406357,37.987114334106444,1,0.0,0.0,0.0,0.0,-10.0,0.0,-10.0
6470,3.3990320248057007,37.69608993530274,1,0.0,0.0,0.0,0.0,-10.0,0.0,-10.0
6480,3.401928340846692,37.405556488037114,1,0.0,0.0,0.0,0.0,-10.0,0.0,-10.0
6490,3.4048022597600283,37.11550712585449,1,0.0,0.0,0.0,0.0,-10.0,0.0,-10.0
6500,3.407653819002781,36.82594528198242,1,0.0,0.0,0.0,0.0,-10.0,0.0,-10.0
6510,3.410483055893294,36.536864089965825,1,0.0,0.0,0.0,0.0,-10.0,0.0,-10.0
6520,3.4132900076117942,36.24826354980469,1,0.0,0.0,0.0,0.0,-10.0,0.0,-10.0
6530,3.416074711201004,35.960143661499025,1,0.0,0.0,0.0,0.0,-10.0,0.0,-10.0
6540,3.418837203566742,35.67250099182129,1,0.0,0.0,0.0,0.0,-10.0,0.0,-10.0
6550,3.4215775214785276,35.385335540771486,1,0.0,0.0,0.0,0.0,-10.0,0.0,-10.0
6560,3.424912299030893,49.626002883911134,0,0.0,0.0,-2.0,-0.5,-10.0,0.0,-12.5
6570,3.428728248665896,49.314640045166016,1,0.0,0.0,-2.0,0.0,-10.0,0.0,-12.0
6580,3.4325201973125408,49.00384025573731,1,0.0,0.0,0.0,0.0,-10.0,0.0,-10.0
6590,3.436288188463166,48.69360694885254,1,0.0,0.0,0.0,0.0,-10.0,0.0,-10.0
6600,3.4400322654439583,48.3839298248291,1,0.0,0.0,0.0,0.0,-10.0,0.0,-10.0
6610,3.4437524714157277,48.07481231689453,1,0.0,0.0,0.0,0.0,-10.0,0.0,-10.0
6620,3.4474488493746787,47.76625099182129,1,0.0,0.0,0.0,0.0,-10.0,0.0,-10.0
6630,3.4511214421531764,47.458245849609376,1,0.0,0.0,0.0,0.0,-10.0,0.0,-10.0
6640,3.4547702924205033,47.150790023803715,1,0.0,0.0,0.0,0.0,-10.0,0.0,-10.0
6650,3.4583954426836185,46.84388694763184,1,0.0,0.0,0.0,0.0,-10.0,0.0,-10.0
6660,3.4619969352879076,46.537529754638676,1,0.0,0.0,0.0,0.0,-10.0,0.0,-10.0
6670,3.465574812417929,46.23171844482422,1,0.0,0.0,0.0,0.0,-10.0,0.0,-10.0
6680,3.4691291160981597,45.92644958496094,1,0.0,0.0,0.0,0.0,-10.0,0.0,-10.0
6690,3.472659888193727,45.62172317504883,1,0.0,0.0,0.0,0.0,-10.0,0.0,-10.0
6700,3.4761671704111494,45.31753921508789,1,0.0,0.0,0.0,0.0,-10.0,0.0,-10.0
6710,3.479651004299061,45.01389083862305,1,0.0,0.0,0.0,0.0,-10.0,0.0,-10.0
6720,3.4831114312489366,44.7107780456543,1,0.0,0.0,0.0,0.0,-10.0,0.0,-10.0
6730,3.486548492495814,44.4081974029541,1,0.0,0.0,0.0,0.0,-10.0,0.0,-10.0
6740,3.4905791426906285,58.640837860107425,0,0.0,0.0,-2.0,-0.5,-10.0,0.0,-12.5
6750,3.495089966110576,58.312628173828124,1,0.0,0.0,-2.0,0.0,-10.0,0.0,-12.0
6760,3.4995754913880583,57.985050201416016,1,0.0,0.0,0.0,0.0,-10.0,0.0,-10.0
6770,3.504035767035802,57.65809707641602,1,0.0,0.0,0.0,0.0,-10.0,0.0,-10.0
6780,3.508470841376501,57.33176879882813,1,0.0,0.0,0.0,0.0,-10.0,0.0,-10.0
6790,3.512880762543734,57.0060619354248,1,0.0,0.0,0.0,0.0,-10.0,0.0,-10.0
6800,3.5172655784828852,56.680976486206056,1,0.0,0.0,0.0,0.0,-10.0,0.0,-10.0
6810,3.521625336952047,56.35650901794434,1,0.0,0.0,0.0,0.0,-10.0,0.0,-10.0
6820,3.525960085522927,56.03265953063965,1,0.0,0.0,0.0,0.0,-10.0,0.0,-10.0
6830,3.530269871581747,55.709421157836914,1,0.0,0.0,0.0,0.0,-10.0,0.0,-10.0
6840,3.5345547423301342,55.38679389953614,1,0.0,0.0,0.0,0.0,-10.0,0.0,-10.0
6850,3.5388147447860065,55.06477432250977,1,0.0,0.0,0.0,0.0,-10.0,0.0,-10.0
6860,3.5430499257844565,54.74335899353027,1,0.0,0.0,0.0,0.0,-10.0,0.0,-10.0
6870,3.547260331978627,54.42254791259766,1,0.0,0.0,0.0,0.0,-10.0,0.0,-10.0
6880,3.5514460098405807,54.10234107971191,1,0.0,0.0,0.0,0.0,-10.0,0.0,-10.0
6890,3.555607005662166,53.78273162841797,1,0.0,0.0,0.0,0.0,-10.0,0.0,-10.0
6900,3.559743365555878,53.46371612548828,1,0.0,0.0,0.0,0.0,-10.0,0.0,-10.0
6910,3.563855135455711,53.14529800415039,1,0.0,0.0,0.0,0.0,-10.0,0.0,-10.0
6920,3.5679423611180088,52.82747039794922,1,0.0,0.0,0.0,0.0,-10.0,0.0,-10.0
6930,3.5720050881223098,52.510233306884764,1,0.0,0.0,0.0,0.0,-10.0,0.0,-10.0
6940,3.5760433618721867,52.1935832977295,1,0.0,0.0,0.0,0.0,-10.0,0.0,-10.0
6950,3.5800572275960767,51.8775203704834,1,0.0,0.0,0.0,0.0,-10.0,0.0,-10.0
6960,3.5840467303481143,51.56203765869141,1,0.0,0.0,0.0,0.0,-10.0,0.0,-10.0
6970,3.5880119150089533,51.247135162353516,1,0.0,0.0,0.0,0.0,-10.0,0.0,-10.0
6980,3.5919528262865867,50.93281288146973,1,0.0,0.0,0.0,0.0,-10.0,0.0,-10.0
6990,3.5958695087171577,50.6190673828125,1,0.0,0.0,0.0,0.0,-10.0,0.0,-10.0
7000,3.5997620066657734,50.30589179992676,1,0.0,0.0,0.0,0.0,-10.0,0.0,-10.0
7010,3.603630364327303,49.99329299926758,1,0.0,0.0,0.0,0.0,-10.0,0.0,-10.0
7020,3.607474625727182,49.681260681152345,1,0.0,0.0,0.0,0.0,-10.0,0.0,-10.0
7030,3.611294834722201,49.369794845581055,1,0.0,0.0,0.0,0.0,-10.0,0.0,-10.0
7040,3.615091035001302,49.05889892578125,1,0.0,0.0,0.0,0.0,-10.0,0.0,-10.0
7050,3.6188632700863566,48.74856262207032,1,0.0,0.0,0.0,0.0,-10.0,0.0,-10.0
7060,3.6226115833329486,48.43878593444824,1,0.0,0.0,0.0,0.0,-10.0,0.0,-10.0
7070,3.6263360179311497,48.12957229614258,1,0.0,0.0,0.0,0.0,-10.0,0.0,-10.0
7080,3.63003661690629,47.8209114074707,1,0.0,0.0,0.0,0.0,-10.0,0.0,-10.0
7090,3.6337134231197252,47.51280670166016,1,0.0,0.0,0.0,0.0,-10.0,0.0,-10.0
7100,3.6373664792695903,47.2052547454834,1,0.0,0.0,0.0,0.0,-10.0,0.0,-10.0
7110,3.6409958278915675,46.89825210571289,1,0.0,0.0,0.0,0.0,-10.0,0.0,-10.0
7120,3.6446015113596295,46.59179878234863,1,0.0,0.0,0.0,0.0,-10.0,0.0,-10.0
7130,3.6481835718867943,46.28589134216309,1,0.0,0.0,0.0,0.0,-10.0,0.0,-10.0
7140,3.65174205152586,45.98052635192871,1,0.0,0.0,0.0,0.0,-10.0,0.0,-10.0
7150,3.6552769921701516,45.675707244873045,1,0.0,0.0,0.0,0.0,-10.0,0.0,-10.0
7160,3.6587884355542513,45.37142372131348,1,0.0,0.0,0.0,0.0,-10.0,0.0,-10.0
7170,3.6622764232547285,45.06767921447754,1,0.0,0.0,0.0,0.0,-10.0,0.0,-10.0
7180,3.6657409966908663,44.76447372436524,1,0.0,0.0,0.0,0.0,-10.0,0.0,-10.0
7190,3.6691821971253837,44.46179695129395,1,0.0,0.0,0.0,0.0,-10.0,0.0,-10.0
7200,3.6726000656651503,44.15965576171875,1,0.0,0.0,0.0,0.0,-10.0,0.0,-10.0
7210,3.6759946432619,43.85804328918457,1,0.0,0.0,0.0,0.0,-10.0,0.0,-10.0
7220,3.6793659707129414,43.556959533691405,1,0.0,0.0,0.0,0.0,-10.0,0.0,-10.0
7230,3.6827140886618595,43.25640106201172,1,0.0,0.0,0.0,0.0,-10.0,0.0,-10.0
7240,3.6860390375992154,42.95636444091797,1,0.0,0.0,0.0,0.0,-10.0,0.0,-10.0
7250,3.6893408578632467,42.656853103637694,1,0.0,0.0,0.0,0.0,-10.0,0.0,-10.0
7260,3.692619589640555,42.35786018371582,1,0.0,0.0,0.0,0.0,-10.0,0.0,-10.0
7270,3.695875272966797,42.05938568115234,1,0.0,0.0,0.0,0.0,-10.0,0.0,-10.0
7280,3.699107947727363,41.76142616271973,1,0.0,0.0,0.0,0.0,-10.0,0.0,-10.0
7290,3.702317653658064,41.46398162841797,1,0.0,0.0,0.0,0.0,-10.0,0.0,-10.0
7300,3.7055044303458007,41.167048645019534,1,0.0,0.0,0.0,0.0,-10.0,0.0,-10.0
7310,3.7086683172292405,40.87062721252442,1,0.0,0.0,0.0,0.0,-10.0,0.0,-10.0
7320,3.7118093535994823,40.57471046447754,1,0.0,0.0,0.0,0.0,-10.0,0.0,-10.0
7330,3.714927578600722,40.27930526733399,1,0.0,0.0,0.0,0.0,-10.0,0.0,-10.0
7340,3.7180230312309104,39.984401321411134,1,0.0,0.0,0.0,0.0,-10.0,0.0,-10.0
7350,3.721095750342411,39.690002059936525,1,0.0,0.0,0.0,0.0,-10.0,0.0,-10.0
7360,3.724145774642653,39.39610061645508,1,0.0,0.0,0.0,0.0,-10.0,0.0,-10.0
7370,3.727173142694779,39.10270042419434,1,0.0,0.0,0.0,0.0,-10.0,0.0,-10.0
7380,3.7301778929182903,38.80979804992676,1,0.0,0.0,0.0,0.0,-10.0,0.0,-10.0
7390,3.7331600635896867,38.51739006042481,1,0.0,0.0,0.0,0.0,-10.0,0.0,-10.0
7400,3.736119692843104,38.22547302246094,1,0.0,0.0,0.0,0.0,-10.0,0.0,-10.0
7410,3.73905681867095,37.9340503692627,1,0.0,0.0,0.0,0.0,-10.0,0.0,-10.0
7420,3.7419714789245293,37.64311866760254,1,0.0,0.0,0.0,0.0,-10.0,0.0,-10.0
7430,3.7448637113146757,37.35267105102539,1,0.0,0.0,0.0,0.0,-10.0,0.0,-10.0
7440,3.747733553412371,37.06271095275879,1,0.0,0.0,0.0,0.0,-10.0,0.0,-10.0
7450,3.750581042649364,36.7732349395752,1,0.0,0.0,0.0,0.0,-10.0,0.0,-10.0
7460,3.753406216318789,36.48424301147461,1,0.0,0.0,0.0,0.0,-10.0,0.0,-10.0
7470,3.756209111575774,36.195731735229494,1,0.0,0.0,0.0,0.0,-10.0,0.0,-10.0
7480,3.7589897654380504,35.907697677612305,1,0.0,0.0,0.0,0.0,-10.0,0.0,-10.0
7490,3.7617482147865577,35.620144271850585,1,0.0,0.0,0.0,0.0,-10.0,0.0,-10.0
7500,3.7644844963660473,35.33306121826172,1,0.0,0.0,0.0,0.0,-10.0,0.0,-10.0
7510,3.767198646785676,35.04645538330078,1,0.0,0.0,0.0,0.0,-10.0,0.0,-10.0
7520,3.769890702519606,34.7603199005127,1,0.0,0.0,0.0,0.0,-10.0,0.0,-10.0
7530,3.7725606999075887,34.47465476989746,1,0.0,0.0,0.0,0.0,-10.0,0.0,-10.0
7540,3.775208675155559,34.18945999145508,1,0.0,0.0,0.0,0.0,-10.0,0.0,-10.0
7550,3.777834664336218,33.90472869873047,1,0.0,0.0,0.0,0.0,-10.0,0.0,-10.0
7560,3.7804387033896107,33.62046432495117,1,0.0,0.0,0.0,0.0,-10.0,0.0,-10.0
7570,3.7830208281237083,33.33666343688965,1,0.0,0.0,0.0,0.0,-10.0,0.0,-10.0
7580,3.785581074214978,33.0533260345459,1,0.0,0.0,0.0,0.0,-10.0,0.0,-10.0
7590,3.788119477208958,32.77044525146484,1,0.0,0.0,0.0,0.0,-10.0,0.0,-10.0
7600,3.7906360725208224,32.48802452087403,1,0.0,0.0,0.0,0.0,-10.0,0.0,-10.0
7610,3.7931308954359495,32.20605697631836,1,0.0,0.0,0.0,0.0,-10.0,0.0,-10.0
7620,3.795603981110478,31.924549484252932,1,0.0,0.0,0.0,0.0,-10.0,0.0,-10.0
7630,3.7980553645718698,31.643491744995117,1,0.0,0.0,0.0,0.0,-10.0,0.0,-10.0
7640,3.800485080719463,31.36288719177246,1,0.0,0.0,0.0,0.0,-10.0,0.0,-10.0
7650,3.8028931643250226,31.082728958129884,1,0.0,0.0,0.0,0.0,-10.0,0.0,-10.0
7660,3.805279650033292,30.803023910522462,1,0.0,0.0,0.0,0.0,-10.0,0.0,-10.0
7670,3.8076445723625367,30.523761749267578,1,0.0,0.0,0.0,0.0,-10.0,0.0,-10.0
7680,3.809987965705088,30.244945907592776,1,0.0,0.0,0.0,0.0,-10.0,0.0,-10.0
7690,3.8123098643278825,29.966576385498048,1,0.0,0.0,0.0,0.0,-10.0,0.0,-10.0
7700,3.814610302372996,29.68864631652832,1,0.0,0.0,0.0,0.0,-10.0,0.0,-10.0
7710,3.8168893138581805,29.411155700683594,1,0.0,0.0,0.0,0.0,-10.0,0.0,-10.0
7720,3.8191469326773917,29.134101104736327,1,0.0,0.0,0.0,0.0,-10.0,0.0,-10.0
7730,3.82138319260132,28.857489395141602,1,0.0,0.0,0.0,0.0,-10.0,0.0,-10.0
7740,3.823598127277912,28.581308555603027,1,0.0,0.0,0.0,0.0,-10.0,0.0,-10.0
7750,3.82579177023289,28.305563735961915,1,0.0,0.0,0.0,0.0,-10.0,0.0,-10.0
7760,3.8279641548702785,28.030249786376952,1,0.0,0.0,0.0,0.0,-10.0,0.0,-10.0
7770,3.8301153144729114,27.755366706848147,1,0.0,0.0,0.0,0.0,-10.0,0.0,-10.0
7780,3.8322452822029494,27.48091278076172,1,0.0,0.0,0.0,0.0,-10.0,0.0,-10.0
7790,3.834354091102389,27.206886291503906,1,0.0,0.0,0.0,0.0,-10.0,0.0,-10.0
7800,3.836441774093569,26.93328723907471,1,0.0,0.0,0.0,0.0,-10.0,0.0,-10.0
7810,3.838508363979675,26.660110473632812,1,0.0,0.0,0.0,0.0,-10.0,0.0,-10.0
7820,3.8405538934452417,26.387357711791992,1,0.0,0.0,0.0,0.0,-10.0,0.0,-10.0
7830,3.842578395056652,26.115027236938477,1,0.0,0.0,0.0,0.0,-10.0,0.0,-10.0
7840,3.844581901262629,25.843115615844727,1,0.0,0.0,0.0,0.0,-10.0,0.0,-10.0
7850,3.8471807296021714,40.09175491333008,0,0.0,0.0,0.0,-0.5,-10.0,0.0,-10.5
7860,3.8502617243076434,39.79717025756836,1,0.0,0.0,-2.0,0.0,-10.0,0.0,-12.0
7870,3.8533200101204392,39.50309028625488,1,0.0,0.0,0.0,0.0,-10.0,0.0,-10.0
7880,3.856355625656179,39.20950813293457,1,0.0,0.0,0.0,0.0,-10.0,0.0,-10.0
7890,3.8593686093866064,38.91642379760742,1,0.0,0.0,0.0,0.0,-10.0,0.0,-10.0
7900,3.8623589996402328,38.6238338470459,1,0.0,0.0,0.0,0.0,-10.0,0.0,-10.0
7910,3.865326834602972,38.331738281250004,1,0.0,0.0,0.0,0.0,-10.0,0.0,-10.0
7920,3.86827215231878,38.04013710021973,1,0.0,0.0,0.0,0.0,-10.0,0.0,-10.0
7930,3.871194990690281,37.74902687072754,1,0.0,0.0,0.0,0.0,-10.0,0.0,-10.0
7940,3.8740953874793997,37.45840072631836,1,0.0,0.0,0.0,0.0,-10.0,0.0,-10.0
7950,3.8769733803079838,37.16826553344727,1,0.0,0.0,0.0,0.0,-10.0,0.0,-10.0
7960,3.8798290066584227,36.87861442565918,1,0.0,0.0,0.0,0.0,-10.0,0.0,-10.0
7970,3.882662303874265,36.5894474029541,1,0.0,0.0,0.0,0.0,-10.0,0.0,-10.0
7980,3.885473309160834,36.300757598876956,1,0.0,0.0,0.0,0.0,-10.0,0.0,-10.0
7990,3.888262059585834,36.012551879882814,1,0.0,0.0,0.0,0.0,-10.0,0.0,-10.0
8000,3.8910285920799583,35.7248233795166,1,0.0,0.0,0.0,0.0,-10.0,0.0,-10.0
8010,3.8937729434374915,35.43756866455078,1,0.0,0.0,0.0,0.0,-10.0,0.0,-10.0
8020,3.896495150316907,35.15079116821289,1,0.0,0.0,0.0,0.0,-10.0,0.0,-10.0
8030,3.899195249241467,34.864484024047854,1,0.0,0.0,0.0,0.0,-10.0,0.0,-10.0
8040,3.901873276599811,34.578647232055665,1,0.0,0.0,0.0,0.0,-10.0,0.0,-10.0
8050,3.9045292686465456,34.29328079223633,1,0.0,0.0,0.0,0.0,-10.0,0.0,-10.0
8060,3.9071632615028298,34.0083812713623,1,0.0,0.0,0.0,0.0,-10.0,0.0,-10.0
8070,3.909775291156959,33.7239486694336,1,0.0,0.0,0.0,0.0,-10.0,0.0,-10.0
8080,3.91298193492953,47.9660442352295,0,0.0,0.0,-2.0,-0.5,-10.0,0.0,-12.5
8090,3.916669928486244,47.65767860412598,1,0.0,0.0,-2.0,0.0,-10.0,0.0,-12.0
8100,3.9203341519134685,47.349865722656254,1,0.0,0.0,0.0,0.0,-10.0,0.0,-10.0
8110,3.923974647823214,47.042605590820315,1,0.0,0.0,0.0,0.0,-10.0,0.0,-10.0
8120,3.9282084683546015,61.27281188964844,0,0.0,0.0,-2.0,-0.5,-10.0,0.0,-12.5
8130,3.932922159716311,60.939507293701176,1,0.0,0.0,-2.0,0.0,-10.0,0.0,-12.0
8140,3.937610160389962,60.60684814453125,1,0.0,0.0,0.0,0.0,-10.0,0.0,-10.0
8150,3.942272520432484,60.274834442138676,1,0.0,0.0,0.0,0.0,-10.0,0.0,-10.0
8160,3.946909289703249,59.94346618652344,1,0.0,0.0,0.0,0.0,-10.0,0.0,-10.0
8170,3.9515205178650317,59.61274337768555,1,0.0,0.0,0.0,0.0,-10.0,0.0,-10.0
8180,3.9561062543849737,59.28265914916992,1,0.0,0.0,0.0,0.0,-10.0,0.0,-10.0
8190,3.9606665485355426,58.95321350097657,1,0.0,0.0,0.0,0.0,-10.0,0.0,-10.0
8200,3.965201449395476,58.62439956665039,1,0.0,0.0,0.0,0.0,-10.0,0.0,-10.0
8210,3.969711005850731,58.296224212646486,1,0.0,0.0,0.0,0.0,-10.0,0.0,-10.0
8220,3.974195266595417,57.96867370605469,1,0.0,0.0,0.0,0.0,-10.0,0.0,-10.0
8230,3.9786542801327305,57.64175491333008,1,0.0,0.0,0.0,0.0,-10.0,0.0,-10.0
8240,3.9830880947758804,57.3154541015625,1,0.0,0.0,0.0,0.0,-10.0,0.0,-10.0
8250,3.987496758649008,56.98978157043457,1,0.0,0.0,0.0,0.0,-10.0,0.0,-10.0
8260,3.9918803196881036,56.664727020263676,1,0.0,0.0,0.0,0.0,-10.0,0.0,-10.0
8270,3.996238825641913,56.3402904510498,1,0.0,0.0,0.0,0.0,-10.0,0.0,-10.0
8280,4.000572324072842,56.01647186279297,1,0.0,0.0,0.0,0.0,-10.0,0.0,-10.0
8290,4.004880862357855,55.693264389038085,1,0.0,0.0,0.0,0.0,-10.0,0.0,-10.0
8300,4.009164487689364,55.37066459655762,1,0.0,0.0,0.0,0.0,-10.0,0.0,-10.0
8310,4.01342324707612,55.0486759185791,1,0.0,0.0,0.0,0.0,-10.0,0.0,-10.0
8320,4.017657187344091,54.727294921875,1,0.0,0.0,0.0,0.0,-10.0,0.0,-10.0
8330,4.021866355137338,54.406514739990236,1,0.0,0.0,0.0,0.0,-10.0,0.0,-10.0
8340,4.026050796918887,54.08633537292481,1,0.0,0.0,0.0,0.0,-10.0,0.0,-10.0
8350,4.030210558971591,53.766753387451175,1,0.0,0.0,0.0,0.0,-10.0,0.0,-10.0
8360,4.034345687398994,53.44777221679688,1,0.0,0.0,0.0,0.0,-10.0,0.0,-10.0
8370,4.03845622812618,53.129381561279295,1,0.0,0.0,0.0,0.0,-10.0,0.0,-10.0
8380,4.042542226900628,52.811584854125975,1,0.0,0.0,0.0,0.0,-10.0,0.0,-10.0
8390,4.046603729293053,52.494375228881836,1,0.0,0.0,0.0,0.0,-10.0,0.0,-10.0
8400,4.050640780698242,52.17775611877442,1,0.0,0.0,0.0,0.0,-10.0,0.0,-10.0
8410,4.05465342633589,51.861720657348634,1,0.0,0.0,0.0,0.0,-10.0,0.0,-10.0
8420,4.058641711251436,51.54626541137696,1,0.0,0.0,0.0,0.0,-10.0,0.0,-10.0
8430,4.062605680316873,51.231393814086914,1,0.0,0.0,0.0,0.0,-10.0,0.0,-10.0
8440,4.0665453782315755,50.91709899902344,1,0.0,0.0,0.0,0.0,-10.0,0.0,-10.0
8450,4.070460849523112,50.60338096618653,1,0.0,0.0,0.0,0.0,-10.0,0.0,-10.0
8460,4.07435213854805,50.29023971557617,1,0.0,0.0,0.0,0.0,-10.0,0.0,-10.0
8470,4.078219289492764,49.977664947509766,1,0.0,0.0,0.0,0.0,-10.0,0.0,-10.0
8480,4.0820623463742285,49.66566352844239,1,0.0,0.0,0.0,0.0,-10.0,0.0,-10.0
8490,4.085881353040824,49.35422859191895,1,0.0,0.0,0.0,0.0,-10.0,0.0,-10.0
8500,4.0896763531731075,49.04335670471192,1,0.0,0.0,0.0,0.0,-10.0,0.0,-10.0
8510,4.093447390284615,48.73304786682129,1,0.0,0.0,0.0,0.0,-10.0,0.0,-10.0
8520,4.097194507722629,48.42330207824707,1,0.0,0.0,0.0,0.0,-10.0,0.0,-10.0
8530,4.100917748668964,48.11411247253418,1,0.0,0.0,0.0,0.0,-10.0,0.0,-10.0
8540,4.1046171561407245,47.80548248291016,1,0.0,0.0,0.0,0.0,-10.0,0.0,-10.0
8550,4.108292772991078,47.497405242919925,1,0.0,0.0,0.0,0.0,-10.0,0.0,-10.0
8560,4.111944641910018,47.189880752563475,1,0.0,0.0,0.0,0.0,-10.0,0.0,-10.0
8570,4.115572805425116,46.88290557861328,1,0.0,0.0,0.0,0.0,-10.0,0.0,-10.0
8580,4.119177305902275,46.57647972106934,1,0.0,0.0,0.0,0.0,-10.0,0.0,-10.0
8590,4.1227581855464726,46.2705997467041,1,0.0,0.0,0.0,0.0,-10.0,0.0,-10.0
8600,4.126315486402516,45.96526222229004,1,0.0,0.0,0.0,0.0,-10.0,0.0,-10.0
8610,4.12984925035577,45.66046714782715,1,0.0,0.0,0.0,0.0,-10.0,0.0,-10.0
8620,4.13335951913289,45.35621452331543,1,0.0,0.0,0.0,0.0,-10.0,0.0,-10.0
8630,4.136846334302562,45.052497482299806,1,0.0,0.0,0.0,0.0,-10.0,0.0,-10.0
8640,4.140309737276215,44.74931602478028,1,0.0,0.0,0.0,0.0,-10.0,0.0,-10.0
8650,4.143749769308755,44.4466667175293,1,0.0,0.0,0.0,0.0,-10.0,0.0,-10.0
8660,4.14716647149927,44.14455299377442,1,0.0,0.0,0.0,0.0,-10.0,0.0,-10.0
8670,4.150559884791754,43.842964553833006,1,0.0,0.0,0.0,0.0,-10.0,0.0,-10.0
8680,4.153930049975805,43.541908264160156,1,0.0,0.0,0.0,0.0,-10.0,0.0,-10.0
8690,4.157277007687332,43.24137725830078,1,0.0,0.0,0.0,0.0,-10.0,0.0,-10.0
8700,4.160600798409263,42.941368103027344,1,0.0,0.0,0.0,0.0,-10.0,0.0,-10.0
8710,4.1639014624722295,42.64188079833985,1,0.0,0.0,0.0,0.0,-10.0,0.0,-10.0
8720,4.167179040055267,42.342911911010745,1,0.0,0.0,0.0,0.0,-10.0,0.0,-10.0
8730,4.17043357118649,42.04446487426758,1,0.0,0.0,0.0,0.0,-10.0,0.0,-10.0
8740,4.173665095743795,41.74652938842774,1,0.0,0.0,0.0,0.0,-10.0,0.0,-10.0
8750,4.176873653455523,41.44911231994629,1,0.0,0.0,0.0,0.0,-10.0,0.0,-10.0
8760,4.180059283901146,41.15220336914063,1,0.0,0.0,0.0,0.0,-10.0,0.0,-10.0
8770,4.1832220265119275,40.85580596923828,1,0.0,0.0,0.0,0.0,-10.0,0.0,-10.0
8780,4.186361920571602,40.55992012023926,1,0.0,0.0,0.0,0.0,-10.0,0.0,-10.0
8790,4.189479005217031,40.26453552246094,1,0.0,0.0,0.0,0.0,-10.0,0.0,-10.0
8800,4.192573319438865,39.9696590423584,1,0.0,0.0,0.0,0.0,-10.0,0.0,-10.0
8810,4.195644902082202,39.67528381347656,1,0.0,0.0,0.0,0.0,-10.0,0.0,-10.0
8820,4.198693791847238,39.38140983581543,1,0.0,0.0,0.0,0.0,-10.0,0.0,-10.0
8830,4.201720027289911,39.08803367614746,1,0.0,0.0,0.0,0.0,-10.0,0.0,-10.0
8840,4.204723646822551,38.79515533447266,1,0.0,0.0,0.0,0.0,-10.0,0.0,-10.0
8850,4.20770468871452,38.50277137756348,1,0.0,0.0,0.0,0.0,-10.0,0.0,-10.0
8860,4.210663191092847,38.21088180541992,1,0.0,0.0,0.0,0.0,-10.0,0.0,-10.0
8870,4.213599191942864,37.91948318481445,1,0.0,0.0,0.0,0.0,-10.0,0.0,-10.0
8880,4.216512729108835,37.62857208251953,1,0.0,0.0,0.0,0.0,-10.0,0.0,-10.0
8890,4.21940384029458,37.338151931762695,1,0.0,0.0,0.0,0.0,-10.0,0.0,-10.0
8900,4.2222725630641,37.04821586608887,1,0.0,0.0,0.0,0.0,-10.0,0.0,-10.0
8910,4.225118934842192,36.75876388549805,1,0.0,0.0,0.0,0.0,-10.0,0.0,-10.0
8920,4.227942992915072,36.46979598999024,1,0.0,0.0,0.0,0.0,-10.0,0.0,-10.0
8930,4.230744774430976,36.18130874633789,1,0.0,0.0,0.0,0.0,-10.0,0.0,-10.0
8940,4.233524316400781,35.89329872131348,1,0.0,0.0,0.0,0.0,-10.0,0.0,-10.0
8950,4.236281655698596,35.605765914916994,1,0.0,0.0,0.0,0.0,-10.0,0.0,-10.0
8960,4.239016829062373,35.31871032714844,1,0.0,0.0,0.0,0.0,-10.0,0.0,-10.0
8970,4.241729873094501,35.032128524780276,1,0.0,0.0,0.0,0.0,-10.0,0.0,-10.0
8980,4.244420824262402,34.74601707458496,1,0.0,0.0,0.0,0.0,-10.0,0.0,-10.0
8990,4.247089718899119,34.4603759765625,1,0.0,0.0,0.0,0.0,-10.0,0.0,-10.0
9000,4.249736593203905,34.17520179748535,1,0.0,0.0,0.0,0.0,-10.0,0.0,-10.0
9010,4.252361483242812,33.89049453735352,1,0.0,0.0,0.0,0.0,-10.0,0.0,-10.0
9020,4.254964424949261,33.606254196166994,1,0.0,0.0,0.0,0.0,-10.0,0.0,-10.0
9030,4.257545454124629,33.32247734069824,1,0.0,0.0,0.0,0.0,-10.0,0.0,-10.0
9040,4.260104606438819,33.03916053771973,1,0.0,0.0,0.0,0.0,-10.0,0.0,-10.0
9050,4.2626419174308365,32.756303787231445,1,0.0,0.0,0.0,0.0,-10.0,0.0,-10.0
9060,4.265157422509343,32.47390365600586,1,0.0,0.0,0.0,0.0,-10.0,0.0,-10.0
9070,4.26765115695324,32.191963577270506,1,0.0,0.0,0.0,0.0,-10.0,0.0,-10.0
9080,4.270123155912215,31.910473251342776,1,0.0,0.0,0.0,0.0,-10.0,0.0,-10.0
9090,4.272573454407302,31.629439544677734,1,0.0,0.0,0.0,0.0,-10.0,0.0,-10.0
9100,4.275002087331447,31.34885902404785,1,0.0,0.0,0.0,0.0,-10.0,0.0,-10.0
9110,4.277409089450043,31.068724822998046,1,0.0,0.0,0.0,0.0,-10.0,0.0,-10.0
9120,4.279794495401495,30.78904037475586,1,0.0,0.0,0.0,0.0,-10.0,0.0,-10.0
9130,4.2821583396977525,30.509802246093752,1,0.0,0.0,0.0,0.0,-10.0,0.0,-10.0
9140,4.284500656724861,30.231007003784182,1,0.0,0.0,0.0,0.0,-10.0,0.0,-10.0
9150,4.286821480743496,29.95265808105469,1,0.0,0.0,0.0,0.0,-10.0,0.0,-10.0
9160,4.289120845889501,29.674748611450195,1,0.0,0.0,0.0,0.0,-10.0,0.0,-10.0
9170,4.29139878617442,29.397282028198244,1,0.0,0.0,0.0,0.0,-10.0,0.0,-10.0
9180,4.2936553354860285,29.12025146484375,1,0.0,0.0,0.0,0.0,-10.0,0.0,-10.0
9190,4.295890527588863,28.843660354614258,1,0.0,0.0,0.0,0.0,-10.0,0.0,-10.0
9200,4.298104396124745,28.567501831054688,1,0.0,0.0,0.0,0.0,-10.0,0.0,-10.0
9210,4.300296974613292,28.29177761077881,1,0.0,0.0,0.0,0.0,-10.0,0.0,-10.0
9220,4.302468296452453,28.016485977172852,1,0.0,0.0,0.0,0.0,-10.0,0.0,-10.0
9230,4.304618394919013,27.74162349700928,1,0.0,0.0,0.0,0.0,-10.0,0.0,-10.0
9240,4.306747303169107,27.467191886901855,1,0.0,0.0,0.0,0.0,-10.0,0.0,-10.0
9250,4.308855054238732,27.193187713623047,1,0.0,0.0,0.0,0.0,-10.0,0.0,-10.0
9260,4.310941681044253,26.919607543945315,1,0.0,0.0,0.0,0.0,-10.0,0.0,-10.0
9270,4.313007216382906,26.64645309448242,1,0.0,0.0,0.0,0.0,-10.0,0.0,-10.0
9280,4.315051692933307,26.373720932006837,1,0.0,0.0,0.0,0.0,-10.0,0.0,-10.0
9290,4.317075143255933,26.101411056518554,1,0.0,0.0,0.0,0.0,-10.0,0.0,-10.0
9300,4.319077599793639,25.82952003479004,1,0.0,0.0,0.0,0.0,-10.0,0.0,-10.0
9310,4.321059094872136,25.55804786682129,1,0.0,0.0,0.0,0.0,-10.0,0.0,-10.0
9320,4.323019660700483,25.286992835998536,1,0.0,0.0,0.0,0.0,-10.0,0.0,-10.0
9330,4.324959329371588,25.01635150909424,1,0.0,0.0,0.0,0.0,-10.0,0.0,-10.0
9340,4.326878132862671,24.74612560272217,1,0.0,0.0,0.0,0.0,-10.0,0.0,-10.0
9350,4.328776103035764,24.476311683654785,1,0.0,0.0,0.0,0.0,-10.0,0.0,-10.0
9360,4.330653271638185,24.20690803527832,1,0.0,0.0,0.0,0.0,-10.0,0.0,-10.0
9370,4.3325096703030095,23.937912940979004,1,0.0,0.0,0.0,0.0,-10.0,0.0,-10.0
9380,4.334345330549554,23.669326400756837,1,0.0,0.0,0.0,0.0,-10.0,0.0,-10.0
9390,4.336160283783839,23.401146697998048,1,0.0,0.0,0.0,0.0,-10.0,0.0,-10.0
9400,4.337954561299063,23.133370399475098,1,0.0,0.0,0.0,0.0,-10.0,0.0,-10.0
9410,4.33972819427607,22.865999221801758,1,0.0,0.0,0.0,0.0,-10.0,0.0,-10.0
9420,4.341481213783807,22.599029731750488,1,0.0,0.0,0.0,0.0,-10.0,0.0,-10.0
9430,4.343213650779791,22.33246021270752,1,0.0,0.0,0.0,0.0,-10.0,0.0,-10.0
9440,4.344925536110572,22.066290664672852,1,0.0,0.0,0.0,0.0,-10.0,0.0,-10.0
9450,4.346616900512172,21.800517654418947,1,0.0,0.0,0.0,0.0,-10.0,0.0,-10.0
9460,4.34828777461056,21.5351411819458,1,0.0,0.0,0.0,0.0,-10.0,0.0,-10.0
9470,4.3499381889220885,21.27016124725342,1,0.0,0.0,0.0,0.0,-10.0,0.0,-10.0
9480,4.35156817385395,21.00557270050049,1,0.0,0.0,0.0,0.0,-10.0,0.0,-10.0
9490,4.353177759704617,20.741377258300783,1,0.0,0.0,0.0,0.0,-10.0,0.0,-10.0
9500,4.354766976664293,20.477571487426758,1,0.0,0.0,0.0,0.0,-10.0,0.0,-10.0
9510,4.356335854815347,20.214155387878417,1,0.0,0.0,0.0,0.0,-10.0,0.0,-10.0
9520,4.3578844241327594,19.95112724304199,1,0.0,0.0,0.0,0.0,-10.0,0.0,-10.0
9530,4.359412714484557,19.68848533630371,1,0.0,0.0,0.0,0.0,-10.0,0.0,-10.0
9540,4.360920755632239,19.426229667663574,1,0.0,0.0,0.0,0.0,-10.0,0.0,-10.0
9550,4.362408577231219,19.164356803894044,1,0.0,0.0,0.0,0.0,-10.0,0.0,-10.0
9560,4.363876208831254,18.90286674499512,1,0.0,0.0,0.0,0.0,-10.0,0.0,-10.0
9570,4.365323679876865,18.641756057739258,1,0.0,0.0,0.0,0.0,-10.0,0.0,-10.0
9580,4.3667510197077695,18.381026458740234,1,0.0,0.0,0.0,0.0,-10.0,0.0,-10.0
9590,4.368158257559294,18.120676231384277,1,0.0,0.0,0.0,0.0,-10.0,0.0,-10.0
9600,4.369545422562808,17.86070022583008,1,0.0,0.0,0.0,0.0,-10.0,0.0,-10.0
9610,4.370912543746131,17.601101875305176,1,0.0,0.0,0.0,0.0,-10.0,0.0,-10.0
9620,4.372259650033955,17.341877746582032,1,0.0,0.0,0.0,0.0,-10.0,0.0,-10.0
9630,4.373586770248251,17.083026123046874,1,0.0,0.0,0.0,0.0,-10.0,0.0,-10.0
9640,4.375509951618508,31.338507843017577,0,0.0,0.0,0.0,-0.5,-10.0,0.0,-10.5
9650,4.377916155954892,31.05839424133301,1,0.0,0.0,-2.0,0.0,-10.0,0.0,-12.0
9660,4.380300765400294,30.778723526000977,1,0.0,0.0,0.0,0.0,-10.0,0.0,-10.0
9670,4.382663814462011,30.499502563476565,1,0.0,0.0,0.0,0.0,-10.0,0.0,-10.0
9680,4.385005337521449,30.22072448730469,1,0.0,0.0,0.0,0.0,-10.0,0.0,-10.0
9690,4.387325368834666,29.942392730712893,1,0.0,0.0,0.0,0.0,-10.0,0.0,-10.0
9700,4.389623942532906,29.664500427246093,1,0.0,0.0,0.0,0.0,-10.0,0.0,-10.0
9710,4.391901092623139,29.387047576904298,1,0.0,0.0,0.0,0.0,-10.0,0.0,-10.0
9720,4.394156852988583,29.1100341796875,1,0.0,0.0,0.0,0.0,-10.0,0.0,-10.0
9730,4.396391257389233,28.833456802368165,1,0.0,0.0,0.0,0.0,-10.0,0.0,-10.0
9740,4.398604339462387,28.55731544494629,1,0.0,0.0,0.0,0.0,-10.0,0.0,-10.0
9750,4.400796132723166,28.281608390808106,1,0.0,0.0,0.0,0.0,-10.0,0.0,-10.0
9760,4.402966670565039,28.006332206726075,1,0.0,0.0,0.0,0.0,-10.0,0.0,-10.0
9770,4.4051159862603235,27.731486892700197,1,0.0,0.0,0.0,0.0,-10.0,0.0,-10.0
9780,4.407244112960715,27.4570707321167,1,0.0,0.0,0.0,0.0,-10.0,0.0,-10.0
9790,4.409351083697783,27.18308029174805,1,0.0,0.0,0.0,0.0,-10.0,0.0,-10.0
9800,4.411436931383489,26.909517288208008,1,0.0,0.0,0.0,0.0,-10.0,0.0,-10.0
9810,4.4135016888106815,26.636378288269043,1,0.0,0.0,0.0,0.0,-10.0,0.0,-10.0
9820,4.4155453886536025,26.363663291931154,1,0.0,0.0,0.0,0.0,-10.0,0.0,-10.0
9830,4.417568063468384,26.09136714935303,1,0.0,0.0,0.0,0.0,-10.0,0.0,-10.0
9840,4.419569745693544,25.819491577148437,1,0.0,0.0,0.0,0.0,-10.0,0.0,-10.0
9850,4.42155046765048,25.548034858703613,1,0.0,0.0,0.0,0.0,-10.0,0.0,-10.0
9860,4.423510261543958,25.276995277404787,1,0.0,0.0,0.0,0.0,-10.0,0.0,-10.0
9870,4.4254491594626035,25.006369400024415,1,0.0,0.0,0.0,0.0,-10.0,0.0,-10.0
9880,4.427367193379377,24.73615894317627,1,0.0,0.0,0.0,0.0,-10.0,0.0,-10.0
9890,4.429264395152067,24.466358757019044,1,0.0,0.0,0.0,0.0,-10.0,0.0,-10.0
9900,4.431140796523768,24.196970558166505,1,0.0,0.0,0.0,0.0,-10.0,0.0,-10.0
9910,4.432996429123344,23.927990913391113,1,0.0,0.0,0.0,0.0,-10.0,0.0,-10.0
9920,4.434831324465925,23.659419822692872,1,0.0,0.0,0.0,0.0,-10.0,0.0,-10.0
9930,4.436645513953359,23.391255569458007,1,0.0,0.0,0.0,0.0,-10.0,0.0,-10.0
9940,4.438439028874689,23.123494720458986,1,0.0,0.0,0.0,0.0,-10.0,0.0,-10.0
9950,4.440211900406616,22.8561372756958,1,0.0,0.0,0.0,0.0,-10.0,0.0,-10.0
9960,4.441964159613968,22.58918323516846,1,0.0,0.0,0.0,0.0,-10.0,0.0,-10.0
9970,4.443695837450161,22.322627449035647,1,0.0,0.0,0.0,0.0,-10.0,0.0,-10.0
9980,4.44540696475765,22.056473350524904,1,0.0,0.0,0.0,0.0,-10.0,0.0,-10.0
9990,4.447097572268396,21.790715789794923,1,0.0,0.0,0.0,0.0,-10.0,0.0,-10.0
10000,4.448767690604306,21.525353050231935,1,0.0,0.0,0.0,0.0,-10.0,0.0,-10.0
10010,4.450417350277698,21.26038684844971,1,0.0,0.0,0.0,0.0,-10.0,0.0,-10.0
10020,4.452046581691743,20.995813751220705,1,0.0,0.0,0.0,0.0,-10.0,0.0,-10.0
10030,4.45365541514091,20.731632041931153,1,0.0,0.0,0.0,0.0,-10.0,0.0,-10.0
10040,4.4552438808114125,20.467841720581056,1,0.0,0.0,0.0,0.0,-10.0,0.0,-10.0
10050,4.456812008781651,20.20443935394287,1,0.0,0.0,0.0,0.0,-10.0,0.0,-10.0
10060,4.458359829022648,19.941426658630373,1,0.0,0.0,0.0,0.0,-10.0,0.0,-10.0
10070,4.459887371398489,19.678798484802247,1,0.0,0.0,0.0,0.0,-10.0,0.0,-10.0
10080,4.461394665666751,19.416556549072265,1,0.0,0.0,0.0,0.0,-10.0,0.0,-10.0
10090,4.462881741478943,19.15469741821289,1,0.0,0.0,0.0,0.0,-10.0,0.0,-10.0
10100,4.464348628380924,18.89322109222412,1,0.0,0.0,0.0,0.0,-10.0,0.0,-10.0
10110,4.465795355813344,18.632125854492188,1,0.0,0.0,0.0,0.0,-10.0,0.0,-10.0
10120,4.4672219531120545,18.37140998840332,1,0.0,0.0,0.0,0.0,-10.0,0.0,-10.0
10130,4.468628449508543,18.11107177734375,1,0.0,0.0,0.0,0.0,-10.0,0.0,-10.0
10140,4.470014874130346,17.851111221313477,1,0.0,0.0,0.0,0.0,-10.0,0.0,-10.0
10150,4.47138125600147,17.591526603698732,1,0.0,0.0,0.0,0.0,-10.0,0.0,-10.0
10160,4.4727276240428075,17.332316207885743,1,0.0,0.0,0.0,0.0,-10.0,0.0,-10.0
10170,4.474054007072546,17.073478317260744,1,0.0,0.0,0.0,0.0,-10.0,0.0,-10.0
10180,4.475360433806588,16.81501121520996,1,0.0,0.0,0.0,0.0,-10.0,0.0,-10.0
10190,4.4766469328589515,16.5569149017334,1,0.0,0.0,0.0,0.0,-10.0,0.0,-10.0
10200,4.477913532742183,16.299187660217285,1,0.0,0.0,0.0,0.0,-10.0,0.0,-10.0
10210,4.479160261867756,16.041827774047853,1,0.0,0.0,0.0,0.0,-10.0,0.0,-10.0
10220,4.48038714854648,15.784835243225098,1,0.0,0.0,0.0,0.0,-10.0,0.0,-10.0
10230,4.481594220988898,15.528206634521485,1,0.0,0.0,0.0,0.0,-10.0,0.0,-10.0
10240,4.482781507305678,15.271941947937012,1,0.0,0.0,0.0,0.0,-10.0,0.0,-10.0
10250,4.483949035508025,15.01603946685791,1,0.0,0.0,0.0,0.0,-10.0,0.0,-10.0
10260,4.485096833508062,14.76049919128418,1,0.0,0.0,0.0,0.0,-10.0,0.0,-10.0
10270,4.486224929119225,14.505317687988281,1,0.0,0.0,0.0,0.0,-10.0,0.0,-10.0
10280,4.487333350056651,14.250494956970215,1,0.0,0.0,0.0,0.0,-10.0,0.0,-10.0
10290,4.488422123937571,13.996029281616211,1,0.0,0.0,0.0,0.0,-10.0,0.0,-10.0
10300,4.489491278281694,13.74192066192627,1,0.0,0.0,0.0,0.0,-10.0,0.0,-10.0
10310,4.490540840511583,13.488166522979737,1,0.0,0.0,0.0,0.0,-10.0,0.0,-10.0
10320,4.491570837953047,13.234766006469727,1,0.0,0.0,0.0,0.0,-10.0,0.0,-10.0
10330,4.492581297835511,12.981717395782471,1,0.0,0.0,0.0,0.0,-10.0,0.0,-10.0
10340,4.4935722472924065,12.729019832611085,1,0.0,0.0,0.0,0.0,-10.0,0.0,-10.0
10350,4.4945437133615345,12.476672458648682,1,0.0,0.0,0.0,0.0,-10.0,0.0,-10.0
10360,4.4961116089233135,26.735574531555176,0,0.0,0.0,0.0,-0.5,-10.0,0.0,-10.5
10370,4.4981629562999155,26.46270503997803,1,0.0,0.0,-2.0,0.0,-10.0,0.0,-12.0
10380,4.500193266832686,26.190257835388184,1,0.0,0.0,0.0,0.0,-10.0,0.0,-10.0
10390,4.5022025730028234,25.918229484558108,1,0.0,0.0,0.0,0.0,-10.0,0.0,-10.0
10400,4.504190907174223,25.646621704101562,1,0.0,0.0,0.0,0.0,-10.0,0.0,-10.0
10410,4.506158301593974,25.375429344177245,1,0.0,0.0,0.0,0.0,-10.0,0.0,-10.0
10420,4.508104788392842,25.104654121398926,1,0.0,0.0,0.0,0.0,-10.0,0.0,-10.0
10430,4.510030399585761,24.834292602539062,1,0.0,0.0,0.0,0.0,-10.0,0.0,-10.0
10440,4.511935167072314,24.564343070983888,1,0.0,0.0,0.0,0.0,-10.0,0.0,-10.0
10450,4.513819122637211,24.2948055267334,1,0.0,0.0,0.0,0.0,-10.0,0.0,-10.0
10460,4.515682297950769,24.02567825317383,1,0.0,0.0,0.0,0.0,-10.0,0.0,-10.0
10470,4.5175247245693875,23.756959533691408,1,0.0,0.0,0.0,0.0,-10.0,0.0,-10.0
10480,4.51934643393602,23.488645935058596,1,0.0,0.0,0.0,0.0,-10.0,0.0,-10.0
10490,4.5211474573806445,23.22073917388916,1,0.0,0.0,0.0,0.0,-10.0,0.0,-10.0
10500,4.522927826120728,22.953235816955566,1,0.0,0.0,0.0,0.0,-10.0,0.0,-10.0
10510,4.524687571261697,22.686134147644044,1,0.0,0.0,0.0,0.0,-10.0,0.0,-10.0
10520,4.526426723797393,22.41943416595459,1,0.0,0.0,0.0,0.0,-10.0,0.0,-10.0
10530,4.528145314610537,22.153134155273438,1,0.0,0.0,0.0,0.0,-10.0,0.0,-10.0
10540,4.529843374473184,21.887232398986818,1,0.0,0.0,0.0,0.0,-10.0,0.0,-10.0
10550,4.531520934047178,21.621727180480956,1,0.0,0.0,0.0,0.0,-10.0,0.0,-10.0
10560,4.533178023884603,21.35661678314209,1,0.0,0.0,0.0,0.0,-10.0,0.0,-10.0
10570,4.53481467442824,21.091901206970217,1,0.0,0.0,0.0,0.0,-10.0,0.0,-10.0
10580,4.536430916012001,20.827577018737795,1,0.0,0.0,0.0,0.0,-10.0,0.0,-10.0
10590,4.538026778861384,20.563645935058595,1,0.0,0.0,0.0,0.0,-10.0,0.0,-10.0
10600,4.539602293093912,20.30010280609131,1,0.0,0.0,0.0,0.0,-10.0,0.0,-10.0
10610,4.541157488719576,20.03694763183594,1,0.0,0.0,0.0,0.0,-10.0,0.0,-10.0
10620,4.542692395641264,19.77418041229248,1,0.0,0.0,0.0,0.0,-10.0,0.0,-10.0
10630,4.544207043655206,19.5117977142334,1,0.0,0.0,0.0,0.0,-10.0,0.0,-10.0
10640,4.545701462451397,19.249799537658692,1,0.0,0.0,0.0,0.0,-10.0,0.0,-10.0
10650,4.547175681614036,18.98818588256836,1,0.0,0.0,0.0,0.0,-10.0,0.0,-10.0
10660,4.54862973062195,18.726951599121094,1,0.0,0.0,0.0,0.0,-10.0,0.0,-10.0
10670,4.550063638849023,18.466098403930665,1,0.0,0.0,0.0,0.0,-10.0,0.0,-10.0
10680,4.551477435564614,18.20562286376953,1,0.0,0.0,0.0,0.0,-10.0,0.0,-10.0
10690,4.5528711499339805,17.945524978637696,1,0.0,0.0,0.0,0.0,-10.0,0.0,-10.0
10700,4.5542448110187,17.68580474853516,1,0.0,0.0,0.0,0.0,-10.0,0.0,-10.0
10710,4.555598447777083,17.426457023620607,1,0.0,0.0,0.0,0.0,-10.0,0.0,-10.0
10720,4.556932089064586,17.167483520507812,1,0.0,0.0,0.0,0.0,-10.0,0.0,-10.0
10730,4.558245763634233,16.90888252258301,1,0.0,0.0,0.0,0.0,-10.0,0.0,-10.0
10740,4.55953950013701,16.650652313232424,1,0.0,0.0,0.0,0.0,-10.0,0.0,-10.0
10750,4.560813327122289,16.392791175842287,1,0.0,0.0,0.0,0.0,-10.0,0.0,-10.0
10760,4.562067273038223,16.13529739379883,1,0.0,0.0,0.0,0.0,-10.0,0.0,-10.0
10770,4.5633013662321495,15.87817096710205,1,0.0,0.0,0.0,0.0,-10.0,0.0,-10.0
10780,4.564515634950997,15.621410179138184,1,0.0,0.0,0.0,0.0,-10.0,0.0,-10.0
10790,4.566326083213492,29.877992248535158,0,0.0,0.0,-2.0,-0.5,-10.0,0.0,-12.5
10800,4.568619692128796,29.600202941894533,1,0.0,0.0,-2.0,0.0,-10.0,0.0,-12.0
10810,4.570891885294522,29.322853088378906,1,0.0,0.0,0.0,0.0,-10.0,0.0,-10.0
10820,4.573142696565302,29.045939254760743,1,0.0,0.0,0.0,0.0,-10.0,0.0,-10.0
10830,4.57537215967267,28.76946315765381,1,0.0,0.0,0.0,0.0,-10.0,0.0,-10.0
10840,4.577580308225581,28.493423080444337,1,0.0,0.0,0.0,0.0,-10.0,0.0,-10.0
10850,4.579767175710936,28.217815589904784,1,0.0,0.0,0.0,0.0,-10.0,0.0,-10.0
10860,4.582549156290621,42.46452026367188,0,0.0,0.0,-2.0,-0.5,-10.0,0.0,-12.5
10870,4.585813061760735,42.16586036682129,1,0.0,0.0,-2.0,0.0,-10.0,0.0,-12.0
10880,4.589053944446006,41.867718887329104,1,0.0,0.0,0.0,0.0,-10.0,0.0,-10.0
10890,4.592271844135554,41.570088958740236,1,0.0,0.0,0.0,0.0,-10.0,0.0,-10.0
10900,4.595466800469354,41.27297401428223,1,0.0,0.0,0.0,0.0,-10.0,0.0,-10.0
10910,4.5986388529389055,40.97637062072754,1,0.0,0.0,0.0,0.0,-10.0,0.0,-10.0
10920,4.601788040887905,40.68027534484863,1,0.0,0.0,0.0,0.0,-10.0,0.0,-10.0
10930,4.604914403512905,40.38468818664551,1,0.0,0.0,0.0,0.0,-10.0,0.0,-10.0
10940,4.608017979863979,40.08960227966309,1,0.0,0.0,0.0,0.0,-10.0,0.0,-10.0
10950,4.611098808845382,39.79502449035645,1,0.0,0.0,0.0,0.0,-10.0,0.0,-10.0
10960,4.614156929216202,39.50094451904297,1,0.0,0.0,0.0,0.0,-10.0,0.0,-10.0
10970,4.617192379591005,39.20736923217773,1,0.0,0.0,0.0,0.0,-10.0,0.0,-10.0
10980,4.620205198440491,38.91428833007813,1,0.0,0.0,0.0,0.0,-10.0,0.0,-10.0
10990,4.623195424092127,38.62170181274414,1,0.0,0.0,0.0,0.0,-10.0,0.0,-10.0
11000,4.626163094730788,38.329609680175786,1,0.0,0.0,0.0,0.0,-10.0,0.0,-10.0
11010,4.629108248399399,38.038011932373045,1,0.0,0.0,0.0,0.0,-10.0,0.0,-10.0
11020,4.632030922999557,37.7469051361084,1,0.0,0.0,0.0,0.0,-10.0,0.0,-10.0
11030,4.634931156292161,37.456285858154295,1,0.0,0.0,0.0,0.0,-10.0,0.0,-10.0
11040,4.63780898589804,37.166150665283205,1,0.0,0.0,0.0,0.0,-10.0,0.0,-10.0
11050,4.640664449298571,36.876502990722656,1,0.0,0.0,0.0,0.0,-10.0,0.0,-10.0
11060,4.64349758383629,36.58733940124512,1,0.0,0.0,0.0,0.0,-10.0,0.0,-10.0
11070,4.646308426715517,36.29865646362305,1,0.0,0.0,0.0,0.0,-10.0,0.0,-10.0
11080,4.649097015002953,36.010450744628905,1,0.0,0.0,0.0,0.0,-10.0,0.0,-10.0
11090,4.651863385628295,35.72272567749024,1,0.0,0.0,0.0,0.0,-10.0,0.0,-10.0
11100,4.654607575384837,35.43547439575195,1,0.0,0.0,0.0,0.0,-10.0,0.0,-10.0
11110,4.657329620930063,35.1487003326416,1,0.0,0.0,0.0,0.0,-10.0,0.0,-10.0
11120,4.66002955878625,34.8623966217041,1,0.0,0.0,0.0,0.0,-10.0,0.0,-10.0
11130,4.662707425341059,34.57656326293945,1,0.0,0.0,0.0,0.0,-10.0,0.0,-10.0
11140,4.665363256848122,34.29120025634766,1,0.0,0.0,0.0,0.0,-10.0,0.0,-10.0
11150,4.667997089427626,34.00630416870117,1,0.0,0.0,0.0,0.0,-10.0,0.0,-10.0
11160,4.670608959066901,33.721875000000004,1,0.0,0.0,0.0,0.0,-10.0,0.0,-10.0
11170,4.673198901620991,33.437909317016604,1,0.0,0.0,0.0,0.0,-10.0,0.0,-10.0
11180,4.6757669528132375,33.15440368652344,1,0.0,0.0,0.0,0.0,-10.0,0.0,-10.0
11190,4.678313148235845,32.87136154174805,1,0.0,0.0,0.0,0.0,-10.0,0.0,-10.0
11200,4.6808375233504576,32.58877601623535,1,0.0,0.0,0.0,0.0,-10.0,0.0,-10.0
11210,4.683956617088173,46.83183631896973,0,0.0,0.0,-2.0,-0.5,-10.0,0.0,-12.5
11220,4.687557180915378,46.525499725341795,1,0.0,0.0,-2.0,0.0,-10.0,0.0,-12.0
11230,4.691134130922706,46.21971244812012,1,0.0,0.0,0.0,0.0,-10.0,0.0,-10.0
11240,4.6953044886083575,60.45068435668946,0,0.0,0.0,-2.0,-0.5,-10.0,0.0,-12.5
11250,4.699954812103643,60.11897964477539,1,0.0,0.0,-2.0,0.0,-10.0,0.0,-12.0
11260,4.704579568198317,59.7879135131836,1,0.0,0.0,0.0,0.0,-10.0,0.0,-10.0
11270,4.709178806463064,59.45749282836914,1,0.0,0.0,0.0,0.0,-10.0,0.0,-10.0
11280,4.713752576273394,59.12770385742188,1,0.0,0.0,0.0,0.0,-10.0,0.0,-10.0
11290,4.718300926810581,58.798560333251956,1,0.0,0.0,0.0,0.0,-10.0,0.0,-10.0
11300,4.722823907062618,58.47004165649414,1,0.0,0.0,0.0,0.0,-10.0,0.0,-10.0
11310,4.727321565825157,58.1421615600586,1,0.0,0.0,0.0,0.0,-10.0,0.0,-10.0
11320,4.731793951702445,57.81490631103516,1,0.0,0.0,0.0,0.0,-10.0,0.0,-10.0
11330,4.736241113108247,57.48827934265137,1,0.0,0.0,0.0,0.0,-10.0,0.0,-10.0
11340,4.7406630982667775,57.16227722167969,1,0.0,0.0,0.0,0.0,-10.0,0.0,-10.0
11350,4.745059955213613,56.83689651489258,1,0.0,0.0,0.0,0.0,-10.0,0.0,-10.0
11360,4.749431731796605,56.51213035583496,1,0.0,0.0,0.0,0.0,-10.0,0.0,-10.0
11370,4.753778475676788,56.18798561096192,1,0.0,0.0,0.0,0.0,-10.0,0.0,-10.0
11380,4.75810023432928,55.86445198059082,1,0.0,0.0,0.0,0.0,-10.0,0.0,-10.0
11390,4.762397055044175,55.54153289794922,1,0.0,0.0,0.0,0.0,-10.0,0.0,-10.0
11400,4.766668984927438,55.21922149658203,1,0.0,0.0,0.0,0.0,-10.0,0.0,-10.0
11410,4.77091607090178,54.89751777648926,1,0.0,0.0,0.0,0.0,-10.0,0.0,-10.0
11420,4.7751383597075465,54.57641830444336,1,0.0,0.0,0.0,0.0,-10.0,0.0,-10.0
11430,4.779335897903584,54.2559196472168,1,0.0,0.0,0.0,0.0,-10.0,0.0,-10.0
11440,4.783508731868111,53.93602523803711,1,0.0,0.0,0.0,0.0,-10.0,0.0,-10.0
11450,4.78765690779958,53.616724777221684,1,0.0,0.0,0.0,0.0,-10.0,0.0,-10.0
11460,4.791780471717533,53.298021697998045,1,0.0,0.0,0.0,0.0,-10.0,0.0,-10.0
11470,4.795879469463457,52.979909133911136,1,0.0,0.0,0.0,0.0,-10.0,0.0,-10.0
11480,4.799953946701629,52.66239051818848,1,0.0,0.0,0.0,0.0,-10.0,0.0,-10.0
11490,4.804003948919951,52.345458984375,1,0.0,0.0,0.0,0.0,-10.0,0.0,-10.0
11500,4.8080295214308,52.02911109924317,1,0.0,0.0,0.0,0.0,-10.0,0.0,-10.0
11510,4.812030709371848,51.71335029602051,1,0.0,0.0,0.0,0.0,-10.0,0.0,-10.0
11520,4.816007557706894,51.3981731414795,1,0.0,0.0,0.0,0.0,-10.0,0.0,-10.0
11530,4.81996011122668,51.08357276916504,1,0.0,0.0,0.0,0.0,-10.0,0.0,-10.0
11540,4.823888414549712,50.76954917907715,1,0.0,0.0,0.0,0.0,-10.0,0.0,-10.0
11550,4.827792512123069,50.45609893798828,1,0.0,0.0,0.0,0.0,-10.0,0.0,-10.0
11560,4.8316724482232125,50.14322547912598,1,0.0,0.0,0.0,0.0,-10.0,0.0,-10.0
11570,4.835528266956781,49.83092193603516,1,0.0,0.0,0.0,0.0,-10.0,0.0,-10.0
11580,4.839360012261394,49.519184875488286,1,0.0,0.0,0.0,0.0,-10.0,0.0,-10.0
11590,4.843167727906438,49.208014297485356,1,0.0,0.0,0.0,0.0,-10.0,0.0,-10.0
11600,4.846951457493856,48.89741020202637,1,0.0,0.0,0.0,0.0,-10.0,0.0,-10.0
11610,4.850711244458932,48.58736572265625,1,0.0,0.0,0.0,0.0,-10.0,0.0,-10.0
11620,4.854447132071063,48.277880859375,1,0.0,0.0,0.0,0.0,-10.0,0.0,-10.0
11630,4.858159163434535,47.96895561218262,1,0.0,0.0,0.0,0.0,-10.0,0.0,-10.0
11640,4.861847381489293,47.660586547851565,1,0.0,0.0,0.0,0.0,-10.0,0.0,-10.0
11650,4.865511829011701,47.35276679992676,1,0.0,0.0,0.0,0.0,-10.0,0.0,-10.0
11660,4.869152548615302,47.04550323486328,1,0.0,0.0,0.0,0.0,-10.0,0.0,-10.0
11670,4.872769582751574,46.73878555297852,1,0.0,0.0,0.0,0.0,-10.0,0.0,-10.0
11680,4.876362973710676,46.4326171875,1,0.0,0.0,0.0,0.0,-10.0,0.0,-10.0
11690,4.879932763622197,46.126991271972656,1,0.0,0.0,0.0,0.0,-10.0,0.0,-10.0
11700,4.883478994455893,45.82191123962402,1,0.0,0.0,0.0,0.0,-10.0,0.0,-10.0
11710,4.887001708022431,45.51737022399902,1,0.0,0.0,0.0,0.0,-10.0,0.0,-10.0
11720,4.890500945974113,45.21336822509766,1,0.0,0.0,0.0,0.0,-10.0,0.0,-10.0
11730,4.893976749805605,44.909901809692386,1,0.0,0.0,0.0,0.0,-10.0,0.0,-10.0
11740,4.897429160854667,44.60697441101075,1,0.0,0.0,0.0,0.0,-10.0,0.0,-10.0
11750,4.900858220302867,44.30457572937012,1,0.0,0.0,0.0,0.0,-10.0,0.0,-10.0
11760,4.904263969176293,44.00270919799805,1,0.0,0.0,0.0,0.0,-10.0,0.0,-10.0
11770,4.9076464483462665,43.701371383666995,1,0.0,0.0,0.0,0.0,-10.0,0.0,-10.0
11780,4.911005698530049,43.40056228637695,1,0.0,0.0,0.0,0.0,-10.0,0.0,-10.0
11790,4.9143417602915465,43.10027503967285,1,0.0,0.0,0.0,0.0,-10.0,0.0,-10.0
11800,4.917654674042004,42.80051307678223,1,0.0,0.0,0.0,0.0,-10.0,0.0,-10.0
11810,4.920944480040703,42.50126953125,1,0.0,0.0,0.0,0.0,-10.0,0.0,-10.0
11820,4.9242112183956435,42.202547836303715,1,0.0,0.0,0.0,0.0,-10.0,0.0,-10.0
11830,4.927454929064236,41.90434112548828,1,0.0,0.0,0.0,0.0,-10.0,0.0,-10.0
11840,4.930675651853988,41.60664939880371,1,0.0,0.0,0.0,0.0,-10.0,0.0,-10.0
11850,4.93387342642317,41.30946922302246,1,0.0,0.0,0.0,0.0,-10.0,0.0,-10.0
11860,4.937048292281497,41.01280403137207,1,0.0,0.0,0.0,0.0,-10.0,0.0,-10.0
11870,4.940200288790798,40.716646957397465,1,0.0,0.0,0.0,0.0,-10.0,0.0,-10.0
11880,4.943329455165679,40.4209945678711,1,0.0,0.0,0.0,0.0,-10.0,0.0,-10.0
11890,4.946435830474185,40.12585029602051,1,0.0,0.0,0.0,0.0,-10.0,0.0,-10.0
11900,4.949519453638458,39.831210708618165,1,0.0,0.0,0.0,0.0,-10.0,0.0,-10.0
11910,4.952580363435398,39.537068939208986,1,0.0,0.0,0.0,0.0,-10.0,0.0,-10.0
11920,4.955618598497303,39.24342842102051,1,0.0,0.0,0.0,0.0,-10.0,0.0,-10.0
11930,4.958634197312519,38.95028915405273,1,0.0,0.0,0.0,0.0,-10.0,0.0,-10.0
11940,4.96162719822609,38.657640838623045,1,0.0,0.0,0.0,0.0,-10.0,0.0,-10.0
11950,4.964597639440383,38.36549034118652,1,0.0,0.0,0.0,0.0,-10.0,0.0,-10.0
11960,4.967545559015739,38.07383079528809,1,0.0,0.0,0.0,0.0,-10.0,0.0,-10.0
11970,4.970470994871094,37.78266220092774,1,0.0,0.0,0.0,0.0,-10.0,0.0,-10.0
11980,4.97337398478461,37.49198455810547,1,0.0,0.0,0.0,0.0,-10.0,0.0,-10.0
11990,4.9762545663943,37.201791000366214,1,0.0,0.0,0.0,0.0,-10.0,0.0,-10.0
12000,4.97911277719865,36.9120849609375,1,0.0,0.0,0.0,0.0,-10.0,0.0,-10.0
